usuario_id,mes,es_mes_actual,categoria,monto
1,2026-03,False,FOOD,52816.32
1,2026-03,False,TRANSPORT,38658.62
1,2026-03,False,HOUSING,46370.64
1,2026-03,False,UTILITIES,166614.87
1,2026-03,False,ENTERTAINMENT,141338.41
1,2026-03,False,HEALTH,70810.65
1,2026-03,False,EDUCATION,55515.59
1,2026-03,False,SHOPPING,52703.82
1,2026-04,False,FOOD,47317.21
1,2026-04,False,TRANSPORT,64641.74
1,2026-04,False,HOUSING,65376.87
1,2026-04,False,UTILITIES,133811.03
1,2026-04,False,ENTERTAINMENT,143686.85
1,2026-04,False,HEALTH,67872.53
1,2026-04,False,EDUCATION,74883.75
1,2026-04,False,SHOPPING,61209.7
1,2026-05,False,FOOD,30306.92
1,2026-05,False,TRANSPORT,18204.44
1,2026-05,False,HOUSING,18319.03
1,2026-05,False,UTILITIES,118468.36
1,2026-05,False,ENTERTAINMENT,136552.26
1,2026-05,False,HEALTH,83975.69
1,2026-05,False,EDUCATION,87635.22
1,2026-05,False,SHOPPING,139955.07
1,2026-06,False,FOOD,21919.2
1,2026-06,False,TRANSPORT,39029.65
1,2026-06,False,HOUSING,54321.47
1,2026-06,False,UTILITIES,173912.07
1,2026-06,False,ENTERTAINMENT,106356.0
1,2026-06,False,HEALTH,97069.38
1,2026-06,False,EDUCATION,58752.67
1,2026-06,False,SHOPPING,95208.74
1,2026-07,False,FOOD,36580.88
1,2026-07,False,TRANSPORT,57730.66
1,2026-07,False,HOUSING,61306.05
1,2026-07,False,UTILITIES,119117.06
1,2026-07,False,ENTERTAINMENT,81474.7
1,2026-07,False,HEALTH,126582.23
1,2026-07,False,EDUCATION,45948.23
1,2026-07,False,SHOPPING,70825.07
1,2026-08,True,FOOD,34521.86
1,2026-08,True,TRANSPORT,25605.24
1,2026-08,True,HOUSING,50791.59
1,2026-08,True,UTILITIES,102107.5
1,2026-08,True,ENTERTAINMENT,78144.29
1,2026-08,True,HEALTH,187903.69
1,2026-08,True,EDUCATION,41121.49
1,2026-08,True,SHOPPING,75762.56
2,2026-03,False,FOOD,30670.17
2,2026-03,False,TRANSPORT,49784.44
2,2026-03,False,HOUSING,33445.54
2,2026-03,False,UTILITIES,120846.69
2,2026-03,False,ENTERTAINMENT,199439.88
2,2026-03,False,HEALTH,159166.06
2,2026-03,False,EDUCATION,100948.53
2,2026-03,False,SHOPPING,93123.82
2,2026-04,False,FOOD,84834.91
2,2026-04,False,TRANSPORT,57324.91
2,2026-04,False,HOUSING,22816.46
2,2026-04,False,UTILITIES,63187.24
2,2026-04,False,ENTERTAINMENT,187938.57
2,2026-04,False,HEALTH,149541.84
2,2026-04,False,EDUCATION,145012.24
2,2026-04,False,SHOPPING,54561.35
2,2026-05,False,FOOD,70401.75
2,2026-05,False,TRANSPORT,58212.55
2,2026-05,False,HOUSING,15729.28
2,2026-05,False,UTILITIES,59138.3
2,2026-05,False,ENTERTAINMENT,232727.52
2,2026-05,False,HEALTH,125554.08
2,2026-05,False,EDUCATION,157844.17
2,2026-05,False,SHOPPING,75800.81
2,2026-06,False,FOOD,50046.74
2,2026-06,False,TRANSPORT,85892.27
2,2026-06,False,HOUSING,11529.79
2,2026-06,False,UTILITIES,62495.24
2,2026-06,False,ENTERTAINMENT,169138.65
2,2026-06,False,HEALTH,103125.9
2,2026-06,False,EDUCATION,118287.62
2,2026-06,False,SHOPPING,28061.81
2,2026-07,False,FOOD,72451.26
2,2026-07,False,TRANSPORT,75782.56
2,2026-07,False,HOUSING,9205.87
2,2026-07,False,UTILITIES,63233.38
2,2026-07,False,ENTERTAINMENT,177598.5
2,2026-07,False,HEALTH,135338.41
2,2026-07,False,EDUCATION,124421.84
2,2026-07,False,SHOPPING,35363.29
2,2026-08,True,FOOD,66454.28
2,2026-08,True,TRANSPORT,53990.59
2,2026-08,True,HOUSING,114740.42
2,2026-08,True,UTILITIES,74727.25
2,2026-08,True,ENTERTAINMENT,177369.66
2,2026-08,True,HEALTH,88019.85
2,2026-08,True,EDUCATION,115833.98
2,2026-08,True,SHOPPING,59004.41
3,2026-03,False,FOOD,47920.92
3,2026-03,False,TRANSPORT,93298.41
3,2026-03,False,HOUSING,117737.51
3,2026-03,False,UTILITIES,120995.15
3,2026-03,False,ENTERTAINMENT,51179.79
3,2026-03,False,HEALTH,24992.01
3,2026-03,False,EDUCATION,32269.75
3,2026-03,False,SHOPPING,13927.59
3,2026-04,False,FOOD,32818.92
3,2026-04,False,TRANSPORT,73309.06
3,2026-04,False,HOUSING,126692.59
3,2026-04,False,UTILITIES,158924.35
3,2026-04,False,ENTERTAINMENT,65590.53
3,2026-04,False,HEALTH,51074.04
3,2026-04,False,EDUCATION,16979.9
3,2026-04,False,SHOPPING,50280.23
3,2026-05,False,FOOD,52251.25
3,2026-05,False,TRANSPORT,68726.28
3,2026-05,False,HOUSING,94219.8
3,2026-05,False,UTILITIES,98356.75
3,2026-05,False,ENTERTAINMENT,69801.94
3,2026-05,False,HEALTH,44112.25
3,2026-05,False,EDUCATION,18683.72
3,2026-05,False,SHOPPING,46360.18
3,2026-06,False,FOOD,75184.8
3,2026-06,False,TRANSPORT,91730.57
3,2026-06,False,HOUSING,77832.71
3,2026-06,False,UTILITIES,127291.34
3,2026-06,False,ENTERTAINMENT,95758.21
3,2026-06,False,HEALTH,23245.2
3,2026-06,False,EDUCATION,56081.36
3,2026-06,False,SHOPPING,19608.41
3,2026-07,False,FOOD,37416.88
3,2026-07,False,TRANSPORT,14391.69
3,2026-07,False,HOUSING,78203.78
3,2026-07,False,UTILITIES,128009.65
3,2026-07,False,ENTERTAINMENT,64705.16
3,2026-07,False,HEALTH,46104.77
3,2026-07,False,EDUCATION,68379.53
3,2026-07,False,SHOPPING,55093.99
3,2026-08,True,FOOD,51378.39
3,2026-08,True,TRANSPORT,57341.41
3,2026-08,True,HOUSING,105595.98
3,2026-08,True,UTILITIES,118540.35
3,2026-08,True,ENTERTAINMENT,75215.84
3,2026-08,True,HEALTH,36154.82
3,2026-08,True,EDUCATION,121271.78
3,2026-08,True,SHOPPING,39446.16
4,2026-03,False,FOOD,63389.17
4,2026-03,False,TRANSPORT,81599.42
4,2026-03,False,HOUSING,3607.06
4,2026-03,False,UTILITIES,83557.42
4,2026-03,False,ENTERTAINMENT,117933.11
4,2026-03,False,HEALTH,53514.34
4,2026-03,False,EDUCATION,28260.99
4,2026-03,False,SHOPPING,276560.29
4,2026-04,False,FOOD,5276.3
4,2026-04,False,TRANSPORT,112399.4
4,2026-04,False,HOUSING,8365.06
4,2026-04,False,UTILITIES,71856.1
4,2026-04,False,ENTERTAINMENT,148887.77
4,2026-04,False,HEALTH,69713.27
4,2026-04,False,EDUCATION,26886.82
4,2026-04,False,SHOPPING,278817.01
4,2026-05,False,FOOD,17997.11
4,2026-05,False,TRANSPORT,57409.71
4,2026-05,False,HOUSING,3768.01
4,2026-05,False,UTILITIES,53050.72
4,2026-05,False,ENTERTAINMENT,115607.54
4,2026-05,False,HEALTH,95627.83
4,2026-05,False,EDUCATION,23182.79
4,2026-05,False,SHOPPING,182628.6
4,2026-06,False,FOOD,44366.9
4,2026-06,False,TRANSPORT,61033.82
4,2026-06,False,HOUSING,3986.23
4,2026-06,False,UTILITIES,54153.72
4,2026-06,False,ENTERTAINMENT,165132.33
4,2026-06,False,HEALTH,96299.58
4,2026-06,False,EDUCATION,63711.3
4,2026-06,False,SHOPPING,220260.29
4,2026-07,False,FOOD,43627.34
4,2026-07,False,TRANSPORT,94338.75
4,2026-07,False,HOUSING,34251.06
4,2026-07,False,UTILITIES,43158.08
4,2026-07,False,ENTERTAINMENT,123836.41
4,2026-07,False,HEALTH,83063.11
4,2026-07,False,EDUCATION,29882.82
4,2026-07,False,SHOPPING,183194.75
4,2026-08,True,FOOD,130613.02
4,2026-08,True,TRANSPORT,64793.41
4,2026-08,True,HOUSING,8400.11
4,2026-08,True,UTILITIES,48191.03
4,2026-08,True,ENTERTAINMENT,128388.09
4,2026-08,True,HEALTH,72741.43
4,2026-08,True,EDUCATION,31107.13
4,2026-08,True,SHOPPING,213507.88
5,2026-03,False,FOOD,148461.86
5,2026-03,False,TRANSPORT,49230.64
5,2026-03,False,HOUSING,145108.96
5,2026-03,False,UTILITIES,31755.81
5,2026-03,False,ENTERTAINMENT,86298.37
5,2026-03,False,HEALTH,167964.63
5,2026-03,False,EDUCATION,65356.79
5,2026-03,False,SHOPPING,64402.24
5,2026-04,False,FOOD,158150.29
5,2026-04,False,TRANSPORT,37983.42
5,2026-04,False,HOUSING,124585.74
5,2026-04,False,UTILITIES,45180.6
5,2026-04,False,ENTERTAINMENT,75661.51
5,2026-04,False,HEALTH,135645.43
5,2026-04,False,EDUCATION,80067.28
5,2026-04,False,SHOPPING,16233.06
5,2026-05,False,FOOD,198974.13
5,2026-05,False,TRANSPORT,4191.32
5,2026-05,False,HOUSING,65967.89
5,2026-05,False,UTILITIES,26792.49
5,2026-05,False,ENTERTAINMENT,133033.02
5,2026-05,False,HEALTH,174337.47
5,2026-05,False,EDUCATION,100989.06
5,2026-05,False,SHOPPING,20257.38
5,2026-06,False,FOOD,171273.44
5,2026-06,False,TRANSPORT,3431.2
5,2026-06,False,HOUSING,95007.8
5,2026-06,False,UTILITIES,31699.19
5,2026-06,False,ENTERTAINMENT,109773.82
5,2026-06,False,HEALTH,156803.9
5,2026-06,False,EDUCATION,71784.53
5,2026-06,False,SHOPPING,99455.08
5,2026-07,False,FOOD,234567.1
5,2026-07,False,TRANSPORT,22779.78
5,2026-07,False,HOUSING,112680.26
5,2026-07,False,UTILITIES,24944.9
5,2026-07,False,ENTERTAINMENT,56648.9
5,2026-07,False,HEALTH,163024.87
5,2026-07,False,EDUCATION,101174.07
5,2026-07,False,SHOPPING,42606.86
5,2026-08,True,FOOD,146585.0
5,2026-08,True,TRANSPORT,152384.59
5,2026-08,True,HOUSING,79904.58
5,2026-08,True,UTILITIES,22598.52
5,2026-08,True,ENTERTAINMENT,75059.69
5,2026-08,True,HEALTH,119963.42
5,2026-08,True,EDUCATION,59081.53
5,2026-08,True,SHOPPING,35642.82
6,2026-03,False,FOOD,39993.59
6,2026-03,False,TRANSPORT,13048.99
6,2026-03,False,HOUSING,152038.55
6,2026-03,False,UTILITIES,73755.52
6,2026-03,False,ENTERTAINMENT,51064.96
6,2026-03,False,HEALTH,176695.88
6,2026-03,False,EDUCATION,145392.68
6,2026-03,False,SHOPPING,279244.06
6,2026-04,False,FOOD,61549.19
6,2026-04,False,TRANSPORT,35285.78
6,2026-04,False,HOUSING,94888.17
6,2026-04,False,UTILITIES,60222.27
6,2026-04,False,ENTERTAINMENT,61205.29
6,2026-04,False,HEALTH,158915.41
6,2026-04,False,EDUCATION,152893.54
6,2026-04,False,SHOPPING,312981.38
6,2026-05,False,FOOD,73489.61
6,2026-05,False,TRANSPORT,52255.81
6,2026-05,False,HOUSING,208981.33
6,2026-05,False,UTILITIES,42333.32
6,2026-05,False,ENTERTAINMENT,63785.25
6,2026-05,False,HEALTH,123868.05
6,2026-05,False,EDUCATION,86887.94
6,2026-05,False,SHOPPING,289699.88
6,2026-06,False,FOOD,40417.55
6,2026-06,False,TRANSPORT,98187.89
6,2026-06,False,HOUSING,122959.27
6,2026-06,False,UTILITIES,125486.7
6,2026-06,False,ENTERTAINMENT,27074.59
6,2026-06,False,HEALTH,135213.8
6,2026-06,False,EDUCATION,116273.5
6,2026-06,False,SHOPPING,255970.84
6,2026-07,False,FOOD,66349.2
6,2026-07,False,TRANSPORT,53737.69
6,2026-07,False,HOUSING,51039.86
6,2026-07,False,UTILITIES,75864.67
6,2026-07,False,ENTERTAINMENT,97629.04
6,2026-07,False,HEALTH,106275.31
6,2026-07,False,EDUCATION,136176.85
6,2026-07,False,SHOPPING,312625.03
6,2026-08,True,FOOD,43317.89
6,2026-08,True,TRANSPORT,177064.44
6,2026-08,True,HOUSING,80034.78
6,2026-08,True,UTILITIES,46001.53
6,2026-08,True,ENTERTAINMENT,65366.84
6,2026-08,True,HEALTH,83022.01
6,2026-08,True,EDUCATION,72247.22
6,2026-08,True,SHOPPING,174913.15
7,2026-03,False,FOOD,110466.9
7,2026-03,False,TRANSPORT,67255.6
7,2026-03,False,HOUSING,74286.23
7,2026-03,False,UTILITIES,4979.05
7,2026-03,False,ENTERTAINMENT,42124.64
7,2026-03,False,HEALTH,370619.12
7,2026-03,False,EDUCATION,132078.38
7,2026-03,False,SHOPPING,39207.08
7,2026-04,False,FOOD,83830.1
7,2026-04,False,TRANSPORT,60351.28
7,2026-04,False,HOUSING,60205.08
7,2026-04,False,UTILITIES,36497.35
7,2026-04,False,ENTERTAINMENT,129895.17
7,2026-04,False,HEALTH,320689.46
7,2026-04,False,EDUCATION,174628.31
7,2026-04,False,SHOPPING,57192.19
7,2026-05,False,FOOD,65204.36
7,2026-05,False,TRANSPORT,82622.33
7,2026-05,False,HOUSING,30114.48
7,2026-05,False,UTILITIES,22142.84
7,2026-05,False,ENTERTAINMENT,132311.12
7,2026-05,False,HEALTH,314598.88
7,2026-05,False,EDUCATION,155201.56
7,2026-05,False,SHOPPING,17803.59
7,2026-06,False,FOOD,75452.02
7,2026-06,False,TRANSPORT,77366.53
7,2026-06,False,HOUSING,90969.67
7,2026-06,False,UTILITIES,17241.38
7,2026-06,False,ENTERTAINMENT,112235.21
7,2026-06,False,HEALTH,326595.2
7,2026-06,False,EDUCATION,131263.45
7,2026-06,False,SHOPPING,30879.43
7,2026-07,False,FOOD,62624.68
7,2026-07,False,TRANSPORT,45672.28
7,2026-07,False,HOUSING,97968.05
7,2026-07,False,UTILITIES,4779.41
7,2026-07,False,ENTERTAINMENT,121324.73
7,2026-07,False,HEALTH,360248.14
7,2026-07,False,EDUCATION,138973.92
7,2026-07,False,SHOPPING,18866.67
7,2026-08,True,FOOD,52393.95
7,2026-08,True,TRANSPORT,46216.05
7,2026-08,True,HOUSING,56991.18
7,2026-08,True,UTILITIES,7181.76
7,2026-08,True,ENTERTAINMENT,100228.21
7,2026-08,True,HEALTH,406020.4
7,2026-08,True,EDUCATION,90138.13
7,2026-08,True,SHOPPING,30368.32
8,2026-03,False,FOOD,31804.62
8,2026-03,False,TRANSPORT,74605.13
8,2026-03,False,HOUSING,62543.65
8,2026-03,False,UTILITIES,167264.95
8,2026-03,False,ENTERTAINMENT,142026.58
8,2026-03,False,HEALTH,3156.96
8,2026-03,False,EDUCATION,92247.65
8,2026-03,False,SHOPPING,38471.52
8,2026-04,False,FOOD,45475.81
8,2026-04,False,TRANSPORT,67840.71
8,2026-04,False,HOUSING,37882.62
8,2026-04,False,UTILITIES,110519.3
8,2026-04,False,ENTERTAINMENT,130710.93
8,2026-04,False,HEALTH,38207.57
8,2026-04,False,EDUCATION,50413.79
8,2026-04,False,SHOPPING,55931.18
8,2026-05,False,FOOD,32178.74
8,2026-05,False,TRANSPORT,95130.15
8,2026-05,False,HOUSING,42293.39
8,2026-05,False,UTILITIES,124283.13
8,2026-05,False,ENTERTAINMENT,107855.47
8,2026-05,False,HEALTH,32323.32
8,2026-05,False,EDUCATION,105062.19
8,2026-05,False,SHOPPING,56220.63
8,2026-06,False,FOOD,22408.93
8,2026-06,False,TRANSPORT,65068.83
8,2026-06,False,HOUSING,55517.81
8,2026-06,False,UTILITIES,133419.42
8,2026-06,False,ENTERTAINMENT,90134.69
8,2026-06,False,HEALTH,47208.3
8,2026-06,False,EDUCATION,123732.14
8,2026-06,False,SHOPPING,75363.79
8,2026-07,False,FOOD,12236.04
8,2026-07,False,TRANSPORT,85926.41
8,2026-07,False,HOUSING,29280.38
8,2026-07,False,UTILITIES,117678.02
8,2026-07,False,ENTERTAINMENT,87030.9
8,2026-07,False,HEALTH,31493.4
8,2026-07,False,EDUCATION,80753.89
8,2026-07,False,SHOPPING,52301.64
8,2026-08,True,FOOD,125146.74
8,2026-08,True,TRANSPORT,70586.31
8,2026-08,True,HOUSING,38579.18
8,2026-08,True,UTILITIES,134498.93
8,2026-08,True,ENTERTAINMENT,101228.48
8,2026-08,True,HEALTH,35405.93
8,2026-08,True,EDUCATION,90074.17
8,2026-08,True,SHOPPING,51475.93
9,2026-03,False,FOOD,19392.39
9,2026-03,False,TRANSPORT,171438.82
9,2026-03,False,HOUSING,61414.78
9,2026-03,False,UTILITIES,163738.31
9,2026-03,False,ENTERTAINMENT,4080.64
9,2026-03,False,HEALTH,65076.85
9,2026-03,False,EDUCATION,220293.65
9,2026-03,False,SHOPPING,4080.64
9,2026-04,False,FOOD,34977.61
9,2026-04,False,TRANSPORT,201124.23
9,2026-04,False,HOUSING,4248.8
9,2026-04,False,UTILITIES,117476.09
9,2026-04,False,ENTERTAINMENT,40740.2
9,2026-04,False,HEALTH,90427.34
9,2026-04,False,EDUCATION,290318.16
9,2026-04,False,SHOPPING,8070.13
9,2026-05,False,FOOD,31170.22
9,2026-05,False,TRANSPORT,124704.46
9,2026-05,False,HOUSING,28996.47
9,2026-05,False,UTILITIES,177497.84
9,2026-05,False,ENTERTAINMENT,58613.93
9,2026-05,False,HEALTH,90437.96
9,2026-05,False,EDUCATION,234333.84
9,2026-05,False,SHOPPING,15316.06
9,2026-06,False,FOOD,34246.87
9,2026-06,False,TRANSPORT,122184.74
9,2026-06,False,HOUSING,7211.89
9,2026-06,False,UTILITIES,106470.22
9,2026-06,False,ENTERTAINMENT,30064.92
9,2026-06,False,HEALTH,138805.88
9,2026-06,False,EDUCATION,169436.06
9,2026-06,False,SHOPPING,32731.19
9,2026-07,False,FOOD,37142.52
9,2026-07,False,TRANSPORT,140788.7
9,2026-07,False,HOUSING,45028.82
9,2026-07,False,UTILITIES,103845.84
9,2026-07,False,ENTERTAINMENT,3608.54
9,2026-07,False,HEALTH,111032.0
9,2026-07,False,EDUCATION,222711.1
9,2026-07,False,SHOPPING,15622.65
9,2026-08,True,FOOD,49278.76
9,2026-08,True,TRANSPORT,142147.37
9,2026-08,True,HOUSING,20849.9
9,2026-08,True,UTILITIES,238832.74
9,2026-08,True,ENTERTAINMENT,24657.96
9,2026-08,True,HEALTH,101101.4
9,2026-08,True,EDUCATION,224104.8
9,2026-08,True,SHOPPING,11343.49
10,2026-03,False,FOOD,116710.55
10,2026-03,False,TRANSPORT,37491.08
10,2026-03,False,HOUSING,36358.77
10,2026-03,False,UTILITIES,100310.36
10,2026-03,False,ENTERTAINMENT,15043.25
10,2026-03,False,HEALTH,84523.12
10,2026-03,False,EDUCATION,121572.38
10,2026-03,False,SHOPPING,54802.44
10,2026-04,False,FOOD,153687.59
10,2026-04,False,TRANSPORT,21400.41
10,2026-04,False,HOUSING,14080.73
10,2026-04,False,UTILITIES,129893.68
10,2026-04,False,ENTERTAINMENT,16138.99
10,2026-04,False,HEALTH,102534.14
10,2026-04,False,EDUCATION,197323.19
10,2026-04,False,SHOPPING,3369.25
10,2026-05,False,FOOD,144882.96
10,2026-05,False,TRANSPORT,37052.76
10,2026-05,False,HOUSING,13122.29
10,2026-05,False,UTILITIES,129461.33
10,2026-05,False,ENTERTAINMENT,57432.94
10,2026-05,False,HEALTH,96343.82
10,2026-05,False,EDUCATION,141163.66
10,2026-05,False,SHOPPING,60260.08
10,2026-06,False,FOOD,109738.29
10,2026-06,False,TRANSPORT,19243.7
10,2026-06,False,HOUSING,50024.04
10,2026-06,False,UTILITIES,97583.46
10,2026-06,False,ENTERTAINMENT,25532.45
10,2026-06,False,HEALTH,117020.57
10,2026-06,False,EDUCATION,140592.35
10,2026-06,False,SHOPPING,52528.45
10,2026-07,False,FOOD,97745.0
10,2026-07,False,TRANSPORT,3386.19
10,2026-07,False,HOUSING,39716.03
10,2026-07,False,UTILITIES,98013.51
10,2026-07,False,ENTERTAINMENT,55696.65
10,2026-07,False,HEALTH,134310.53
10,2026-07,False,EDUCATION,161418.47
10,2026-07,False,SHOPPING,85236.44
10,2026-08,True,FOOD,212191.92
10,2026-08,True,TRANSPORT,28348.94
10,2026-08,True,HOUSING,22111.1
10,2026-08,True,UTILITIES,96867.93
10,2026-08,True,ENTERTAINMENT,22302.84
10,2026-08,True,HEALTH,77398.21
10,2026-08,True,EDUCATION,129397.12
10,2026-08,True,SHOPPING,35334.77
11,2026-03,False,FOOD,96126.05
11,2026-03,False,TRANSPORT,203271.48
11,2026-03,False,HOUSING,83429.21
11,2026-03,False,UTILITIES,117866.36
11,2026-03,False,ENTERTAINMENT,43240.29
11,2026-03,False,HEALTH,115155.44
11,2026-03,False,EDUCATION,152361.9
11,2026-03,False,SHOPPING,60894.82
11,2026-04,False,FOOD,85728.1
11,2026-04,False,TRANSPORT,134944.71
11,2026-04,False,HOUSING,42289.67
11,2026-04,False,UTILITIES,38774.99
11,2026-04,False,ENTERTAINMENT,73491.57
11,2026-04,False,HEALTH,167555.48
11,2026-04,False,EDUCATION,153256.48
11,2026-04,False,SHOPPING,45537.15
11,2026-05,False,FOOD,85886.02
11,2026-05,False,TRANSPORT,143604.36
11,2026-05,False,HOUSING,46044.02
11,2026-05,False,UTILITIES,29658.93
11,2026-05,False,ENTERTAINMENT,66097.43
11,2026-05,False,HEALTH,123222.41
11,2026-05,False,EDUCATION,176163.33
11,2026-05,False,SHOPPING,16793.43
11,2026-06,False,FOOD,121087.5
11,2026-06,False,TRANSPORT,177946.72
11,2026-06,False,HOUSING,81803.3
11,2026-06,False,UTILITIES,64077.93
11,2026-06,False,ENTERTAINMENT,140644.6
11,2026-06,False,HEALTH,87151.33
11,2026-06,False,EDUCATION,126403.08
11,2026-06,False,SHOPPING,4060.15
11,2026-07,False,FOOD,60809.55
11,2026-07,False,TRANSPORT,213873.77
11,2026-07,False,HOUSING,131185.82
11,2026-07,False,UTILITIES,62806.31
11,2026-07,False,ENTERTAINMENT,135511.5
11,2026-07,False,HEALTH,106638.92
11,2026-07,False,EDUCATION,187638.36
11,2026-07,False,SHOPPING,4542.66
11,2026-08,True,FOOD,82606.02
11,2026-08,True,TRANSPORT,145247.71
11,2026-08,True,HOUSING,73459.44
11,2026-08,True,UTILITIES,60499.62
11,2026-08,True,ENTERTAINMENT,100368.75
11,2026-08,True,HEALTH,191254.65
11,2026-08,True,EDUCATION,162305.58
11,2026-08,True,SHOPPING,4726.09
12,2026-03,False,FOOD,105719.39
12,2026-03,False,TRANSPORT,286138.6
12,2026-03,False,HOUSING,44656.06
12,2026-03,False,UTILITIES,42894.45
12,2026-03,False,ENTERTAINMENT,114358.26
12,2026-03,False,HEALTH,87583.19
12,2026-03,False,EDUCATION,19171.65
12,2026-03,False,SHOPPING,137873.91
12,2026-04,False,FOOD,74039.27
12,2026-04,False,TRANSPORT,271494.94
12,2026-04,False,HOUSING,31782.17
12,2026-04,False,UTILITIES,44511.49
12,2026-04,False,ENTERTAINMENT,121851.27
12,2026-04,False,HEALTH,77289.57
12,2026-04,False,EDUCATION,3783.15
12,2026-04,False,SHOPPING,116097.17
12,2026-05,False,FOOD,121218.31
12,2026-05,False,TRANSPORT,358494.86
12,2026-05,False,HOUSING,4433.47
12,2026-05,False,UTILITIES,86499.92
12,2026-05,False,ENTERTAINMENT,40627.5
12,2026-05,False,HEALTH,86510.99
12,2026-05,False,EDUCATION,58270.27
12,2026-05,False,SHOPPING,76025.56
12,2026-06,False,FOOD,81300.47
12,2026-06,False,TRANSPORT,265479.12
12,2026-06,False,HOUSING,3892.81
12,2026-06,False,UTILITIES,73001.87
12,2026-06,False,ENTERTAINMENT,46056.55
12,2026-06,False,HEALTH,62683.19
12,2026-06,False,EDUCATION,8437.48
12,2026-06,False,SHOPPING,117733.5
12,2026-07,False,FOOD,126310.82
12,2026-07,False,TRANSPORT,266101.6
12,2026-07,False,HOUSING,3481.73
12,2026-07,False,UTILITIES,67135.67
12,2026-07,False,ENTERTAINMENT,97544.26
12,2026-07,False,HEALTH,68942.66
12,2026-07,False,EDUCATION,30981.69
12,2026-07,False,SHOPPING,49849.97
12,2026-08,True,FOOD,110154.2
12,2026-08,True,TRANSPORT,331042.52
12,2026-08,True,HOUSING,57289.15
12,2026-08,True,UTILITIES,59314.51
12,2026-08,True,ENTERTAINMENT,50920.7
12,2026-08,True,HEALTH,79824.09
12,2026-08,True,EDUCATION,43465.0
12,2026-08,True,SHOPPING,101424.09
13,2026-03,False,FOOD,86511.73
13,2026-03,False,TRANSPORT,45909.45
13,2026-03,False,HOUSING,1612.95
13,2026-03,False,UTILITIES,72773.44
13,2026-03,False,ENTERTAINMENT,23922.49
13,2026-03,False,HEALTH,61789.43
13,2026-03,False,EDUCATION,32017.37
13,2026-03,False,SHOPPING,44729.66
13,2026-04,False,FOOD,92034.95
13,2026-04,False,TRANSPORT,46131.08
13,2026-04,False,HOUSING,15912.71
13,2026-04,False,UTILITIES,79776.67
13,2026-04,False,ENTERTAINMENT,23486.28
13,2026-04,False,HEALTH,98630.8
13,2026-04,False,EDUCATION,38204.98
13,2026-04,False,SHOPPING,24168.64
13,2026-05,False,FOOD,97229.68
13,2026-05,False,TRANSPORT,43491.31
13,2026-05,False,HOUSING,1943.19
13,2026-05,False,UTILITIES,71269.38
13,2026-05,False,ENTERTAINMENT,26883.73
13,2026-05,False,HEALTH,78526.02
13,2026-05,False,EDUCATION,46003.52
13,2026-05,False,SHOPPING,24661.85
13,2026-06,False,FOOD,127011.38
13,2026-06,False,TRANSPORT,55122.86
13,2026-06,False,HOUSING,18847.78
13,2026-06,False,UTILITIES,83285.47
13,2026-06,False,ENTERTAINMENT,16911.11
13,2026-06,False,HEALTH,86161.25
13,2026-06,False,EDUCATION,52177.07
13,2026-06,False,SHOPPING,41139.28
13,2026-07,False,FOOD,94013.6
13,2026-07,False,TRANSPORT,28429.07
13,2026-07,False,HOUSING,28835.42
13,2026-07,False,UTILITIES,91916.71
13,2026-07,False,ENTERTAINMENT,24106.76
13,2026-07,False,HEALTH,54272.31
13,2026-07,False,EDUCATION,42446.2
13,2026-07,False,SHOPPING,25366.46
13,2026-08,True,FOOD,110546.43
13,2026-08,True,TRANSPORT,32096.94
13,2026-08,True,HOUSING,5497.19
13,2026-08,True,UTILITIES,84837.77
13,2026-08,True,ENTERTAINMENT,23230.13
13,2026-08,True,HEALTH,73016.25
13,2026-08,True,EDUCATION,48034.2
13,2026-08,True,SHOPPING,47771.27
14,2026-03,False,FOOD,10786.22
14,2026-03,False,TRANSPORT,77668.4
14,2026-03,False,HOUSING,106917.44
14,2026-03,False,UTILITIES,3110.83
14,2026-03,False,ENTERTAINMENT,197426.86
14,2026-03,False,HEALTH,3110.83
14,2026-03,False,EDUCATION,25211.68
14,2026-03,False,SHOPPING,277700.13
14,2026-04,False,FOOD,55261.76
14,2026-04,False,TRANSPORT,66474.04
14,2026-04,False,HOUSING,147053.82
14,2026-04,False,UTILITIES,26010.78
14,2026-04,False,ENTERTAINMENT,196405.93
14,2026-04,False,HEALTH,3404.47
14,2026-04,False,EDUCATION,18338.59
14,2026-04,False,SHOPPING,304233.57
14,2026-05,False,FOOD,3532.86
14,2026-05,False,TRANSPORT,56737.5
14,2026-05,False,HOUSING,103160.37
14,2026-05,False,UTILITIES,36676.37
14,2026-05,False,ENTERTAINMENT,259634.05
14,2026-05,False,HEALTH,29186.67
14,2026-05,False,EDUCATION,19371.95
14,2026-05,False,SHOPPING,288074.74
14,2026-06,False,FOOD,2697.88
14,2026-06,False,TRANSPORT,56680.21
14,2026-06,False,HOUSING,83507.81
14,2026-06,False,UTILITIES,22753.83
14,2026-06,False,ENTERTAINMENT,160917.99
14,2026-06,False,HEALTH,8665.83
14,2026-06,False,EDUCATION,70932.83
14,2026-06,False,SHOPPING,203913.02
14,2026-07,False,FOOD,4142.12
14,2026-07,False,TRANSPORT,39895.9
14,2026-07,False,HOUSING,99387.68
14,2026-07,False,UTILITIES,6771.42
14,2026-07,False,ENTERTAINMENT,229382.44
14,2026-07,False,HEALTH,54692.87
14,2026-07,False,EDUCATION,42739.65
14,2026-07,False,SHOPPING,300970.08
14,2026-08,True,FOOD,35449.69
14,2026-08,True,TRANSPORT,55646.91
14,2026-08,True,HOUSING,97056.23
14,2026-08,True,UTILITIES,24031.08
14,2026-08,True,ENTERTAINMENT,138849.42
14,2026-08,True,HEALTH,32000.85
14,2026-08,True,EDUCATION,28873.26
14,2026-08,True,SHOPPING,258601.83
15,2026-03,False,FOOD,42052.66
15,2026-03,False,TRANSPORT,75711.45
15,2026-03,False,HOUSING,79995.81
15,2026-03,False,UTILITIES,79802.83
15,2026-03,False,ENTERTAINMENT,42029.52
15,2026-03,False,HEALTH,364279.92
15,2026-03,False,EDUCATION,96860.31
15,2026-03,False,SHOPPING,80895.76
15,2026-04,False,FOOD,49608.98
15,2026-04,False,TRANSPORT,59967.62
15,2026-04,False,HOUSING,56160.41
15,2026-04,False,UTILITIES,45581.37
15,2026-04,False,ENTERTAINMENT,3345.24
15,2026-04,False,HEALTH,332205.09
15,2026-04,False,EDUCATION,57351.94
15,2026-04,False,SHOPPING,42371.69
15,2026-05,False,FOOD,66204.71
15,2026-05,False,TRANSPORT,22986.29
15,2026-05,False,HOUSING,23124.25
15,2026-05,False,UTILITIES,93643.56
15,2026-05,False,ENTERTAINMENT,8788.98
15,2026-05,False,HEALTH,378855.58
15,2026-05,False,EDUCATION,59214.76
15,2026-05,False,SHOPPING,12987.55
15,2026-06,False,FOOD,60482.3
15,2026-06,False,TRANSPORT,43361.91
15,2026-06,False,HOUSING,66502.62
15,2026-06,False,UTILITIES,48241.9
15,2026-06,False,ENTERTAINMENT,18303.26
15,2026-06,False,HEALTH,307330.14
15,2026-06,False,EDUCATION,90084.84
15,2026-06,False,SHOPPING,67587.88
15,2026-07,False,FOOD,55665.3
15,2026-07,False,TRANSPORT,44092.02
15,2026-07,False,HOUSING,66926.49
15,2026-07,False,UTILITIES,68462.46
15,2026-07,False,ENTERTAINMENT,28818.47
15,2026-07,False,HEALTH,427208.84
15,2026-07,False,EDUCATION,64945.67
15,2026-07,False,SHOPPING,44615.63
15,2026-08,True,FOOD,93666.3
15,2026-08,True,TRANSPORT,79472.03
15,2026-08,True,HOUSING,108623.18
15,2026-08,True,UTILITIES,76461.49
15,2026-08,True,ENTERTAINMENT,39259.5
15,2026-08,True,HEALTH,401607.44
15,2026-08,True,EDUCATION,15772.16
15,2026-08,True,SHOPPING,51636.23
16,2026-03,False,FOOD,101328.0
16,2026-03,False,TRANSPORT,4596.92
16,2026-03,False,HOUSING,131629.9
16,2026-03,False,UTILITIES,135761.43
16,2026-03,False,ENTERTAINMENT,38466.91
16,2026-03,False,HEALTH,189914.45
16,2026-03,False,EDUCATION,153542.39
16,2026-03,False,SHOPPING,135176.41
16,2026-04,False,FOOD,75227.97
16,2026-04,False,TRANSPORT,52770.47
16,2026-04,False,HOUSING,97303.52
16,2026-04,False,UTILITIES,97618.57
16,2026-04,False,ENTERTAINMENT,51932.08
16,2026-04,False,HEALTH,188742.17
16,2026-04,False,EDUCATION,128896.1
16,2026-04,False,SHOPPING,215065.45
16,2026-05,False,FOOD,44924.68
16,2026-05,False,TRANSPORT,4973.16
16,2026-05,False,HOUSING,85551.87
16,2026-05,False,UTILITIES,124664.75
16,2026-05,False,ENTERTAINMENT,63306.51
16,2026-05,False,HEALTH,174959.23
16,2026-05,False,EDUCATION,130884.31
16,2026-05,False,SHOPPING,80508.04
16,2026-06,False,FOOD,80613.2
16,2026-06,False,TRANSPORT,3371.5
16,2026-06,False,HOUSING,96517.77
16,2026-06,False,UTILITIES,140950.86
16,2026-06,False,ENTERTAINMENT,33963.15
16,2026-06,False,HEALTH,148963.69
16,2026-06,False,EDUCATION,102856.42
16,2026-06,False,SHOPPING,140114.51
16,2026-07,False,FOOD,94165.58
16,2026-07,False,TRANSPORT,4022.4
16,2026-07,False,HOUSING,129023.69
16,2026-07,False,UTILITIES,101971.35
16,2026-07,False,ENTERTAINMENT,65772.76
16,2026-07,False,HEALTH,231468.58
16,2026-07,False,EDUCATION,117172.31
16,2026-07,False,SHOPPING,129454.02
16,2026-08,True,FOOD,47128.24
16,2026-08,True,TRANSPORT,26980.19
16,2026-08,True,HOUSING,131361.26
16,2026-08,True,UTILITIES,106201.23
16,2026-08,True,ENTERTAINMENT,28188.31
16,2026-08,True,HEALTH,150823.38
16,2026-08,True,EDUCATION,195740.32
16,2026-08,True,SHOPPING,182602.72
17,2026-03,False,FOOD,2734.49
17,2026-03,False,TRANSPORT,19572.75
17,2026-03,False,HOUSING,44878.46
17,2026-03,False,UTILITIES,49019.13
17,2026-03,False,ENTERTAINMENT,32764.52
17,2026-03,False,HEALTH,51345.19
17,2026-03,False,EDUCATION,177494.17
17,2026-03,False,SHOPPING,148305.1
17,2026-04,False,FOOD,14083.76
17,2026-04,False,TRANSPORT,20267.1
17,2026-04,False,HOUSING,62082.47
17,2026-04,False,UTILITIES,29274.46
17,2026-04,False,ENTERTAINMENT,54794.84
17,2026-04,False,HEALTH,51269.5
17,2026-04,False,EDUCATION,201006.15
17,2026-04,False,SHOPPING,205385.5
17,2026-05,False,FOOD,36165.87
17,2026-05,False,TRANSPORT,3982.68
17,2026-05,False,HOUSING,80676.16
17,2026-05,False,UTILITIES,27765.47
17,2026-05,False,ENTERTAINMENT,3982.68
17,2026-05,False,HEALTH,110928.2
17,2026-05,False,EDUCATION,192333.23
17,2026-05,False,SHOPPING,197671.01
17,2026-06,False,FOOD,12394.38
17,2026-06,False,TRANSPORT,24110.81
17,2026-06,False,HOUSING,99239.72
17,2026-06,False,UTILITIES,2930.07
17,2026-06,False,ENTERTAINMENT,67052.06
17,2026-06,False,HEALTH,59126.18
17,2026-06,False,EDUCATION,201140.91
17,2026-06,False,SHOPPING,155696.24
17,2026-07,False,FOOD,20241.81
17,2026-07,False,TRANSPORT,2815.08
17,2026-07,False,HOUSING,74208.75
17,2026-07,False,UTILITIES,60516.53
17,2026-07,False,ENTERTAINMENT,32900.53
17,2026-07,False,HEALTH,58656.75
17,2026-07,False,EDUCATION,146700.31
17,2026-07,False,SHOPPING,188710.76
17,2026-08,True,FOOD,4375.68
17,2026-08,True,TRANSPORT,4375.68
17,2026-08,True,HOUSING,73948.11
17,2026-08,True,UTILITIES,28442.63
17,2026-08,True,ENTERTAINMENT,42368.99
17,2026-08,True,HEALTH,91792.22
17,2026-08,True,EDUCATION,243339.66
17,2026-08,True,SHOPPING,200108.3
18,2026-03,False,FOOD,183546.9
18,2026-03,False,TRANSPORT,4081.35
18,2026-03,False,HOUSING,141272.69
18,2026-03,False,UTILITIES,178771.54
18,2026-03,False,ENTERTAINMENT,81021.76
18,2026-03,False,HEALTH,29895.37
18,2026-03,False,EDUCATION,94126.3
18,2026-03,False,SHOPPING,143335.34
18,2026-04,False,FOOD,197622.09
18,2026-04,False,TRANSPORT,14439.05
18,2026-04,False,HOUSING,107140.27
18,2026-04,False,UTILITIES,185851.13
18,2026-04,False,ENTERTAINMENT,122530.62
18,2026-04,False,HEALTH,39561.29
18,2026-04,False,EDUCATION,53202.34
18,2026-04,False,SHOPPING,150309.2
18,2026-05,False,FOOD,255129.92
18,2026-05,False,TRANSPORT,4831.78
18,2026-05,False,HOUSING,137752.71
18,2026-05,False,UTILITIES,194769.23
18,2026-05,False,ENTERTAINMENT,63539.53
18,2026-05,False,HEALTH,50950.86
18,2026-05,False,EDUCATION,38831.57
18,2026-05,False,SHOPPING,164911.95
18,2026-06,False,FOOD,178280.19
18,2026-06,False,TRANSPORT,36440.94
18,2026-06,False,HOUSING,113701.36
18,2026-06,False,UTILITIES,152451.65
18,2026-06,False,ENTERTAINMENT,89684.65
18,2026-06,False,HEALTH,3829.17
18,2026-06,False,EDUCATION,54126.72
18,2026-06,False,SHOPPING,112074.72
18,2026-07,False,FOOD,212530.32
18,2026-07,False,TRANSPORT,39653.8
18,2026-07,False,HOUSING,97550.89
18,2026-07,False,UTILITIES,161416.27
18,2026-07,False,ENTERTAINMENT,110279.94
18,2026-07,False,HEALTH,29728.4
18,2026-07,False,EDUCATION,80402.14
18,2026-07,False,SHOPPING,118227.66
18,2026-08,True,FOOD,182631.9
18,2026-08,True,TRANSPORT,21990.74
18,2026-08,True,HOUSING,158681.02
18,2026-08,True,UTILITIES,210659.54
18,2026-08,True,ENTERTAINMENT,83715.8
18,2026-08,True,HEALTH,46812.25
18,2026-08,True,EDUCATION,73057.82
18,2026-08,True,SHOPPING,150622.77
19,2026-03,False,FOOD,118755.06
19,2026-03,False,TRANSPORT,219777.09
19,2026-03,False,HOUSING,4865.32
19,2026-03,False,UTILITIES,79672.84
19,2026-03,False,ENTERTAINMENT,4865.32
19,2026-03,False,HEALTH,119239.94
19,2026-03,False,EDUCATION,54676.61
19,2026-03,False,SHOPPING,245349.58
19,2026-04,False,FOOD,66307.68
19,2026-04,False,TRANSPORT,163910.48
19,2026-04,False,HOUSING,90249.72
19,2026-04,False,UTILITIES,84431.33
19,2026-04,False,ENTERTAINMENT,109655.56
19,2026-04,False,HEALTH,121480.06
19,2026-04,False,EDUCATION,121196.97
19,2026-04,False,SHOPPING,119655.86
19,2026-05,False,FOOD,104534.63
19,2026-05,False,TRANSPORT,185619.46
19,2026-05,False,HOUSING,4039.56
19,2026-05,False,UTILITIES,35943.92
19,2026-05,False,ENTERTAINMENT,85584.37
19,2026-05,False,HEALTH,97454.16
19,2026-05,False,EDUCATION,97705.02
19,2026-05,False,SHOPPING,152488.88
19,2026-06,False,FOOD,151141.21
19,2026-06,False,TRANSPORT,199707.66
19,2026-06,False,HOUSING,21090.2
19,2026-06,False,UTILITIES,24472.19
19,2026-06,False,ENTERTAINMENT,159919.81
19,2026-06,False,HEALTH,141951.61
19,2026-06,False,EDUCATION,58503.25
19,2026-06,False,SHOPPING,224878.17
19,2026-07,False,FOOD,112656.75
19,2026-07,False,TRANSPORT,167977.38
19,2026-07,False,HOUSING,23023.14
19,2026-07,False,UTILITIES,43912.48
19,2026-07,False,ENTERTAINMENT,109863.71
19,2026-07,False,HEALTH,99124.83
19,2026-07,False,EDUCATION,78439.26
19,2026-07,False,SHOPPING,184733.98
19,2026-08,True,FOOD,137677.81
19,2026-08,True,TRANSPORT,128222.07
19,2026-08,True,HOUSING,50972.36
19,2026-08,True,UTILITIES,65760.86
19,2026-08,True,ENTERTAINMENT,156306.85
19,2026-08,True,HEALTH,105287.35
19,2026-08,True,EDUCATION,67756.6
19,2026-08,True,SHOPPING,137436.07
20,2026-03,False,FOOD,54351.73
20,2026-03,False,TRANSPORT,32998.43
20,2026-03,False,HOUSING,17505.73
20,2026-03,False,UTILITIES,9520.02
20,2026-03,False,ENTERTAINMENT,56263.43
20,2026-03,False,HEALTH,39742.81
20,2026-03,False,EDUCATION,40036.09
20,2026-03,False,SHOPPING,61091.36
20,2026-04,False,FOOD,33336.59
20,2026-04,False,TRANSPORT,21946.75
20,2026-04,False,HOUSING,52281.39
20,2026-04,False,UTILITIES,22443.67
20,2026-04,False,ENTERTAINMENT,42524.09
20,2026-04,False,HEALTH,33826.83
20,2026-04,False,EDUCATION,47200.11
20,2026-04,False,SHOPPING,76606.16
20,2026-05,False,FOOD,18754.7
20,2026-05,False,TRANSPORT,22281.71
20,2026-05,False,HOUSING,37534.83
20,2026-05,False,UTILITIES,15395.63
20,2026-05,False,ENTERTAINMENT,50626.04
20,2026-05,False,HEALTH,39232.06
20,2026-05,False,EDUCATION,41354.87
20,2026-05,False,SHOPPING,79806.62
20,2026-06,False,FOOD,60265.35
20,2026-06,False,TRANSPORT,46768.76
20,2026-06,False,HOUSING,22887.97
20,2026-06,False,UTILITIES,10482.1
20,2026-06,False,ENTERTAINMENT,72618.88
20,2026-06,False,HEALTH,21127.95
20,2026-06,False,EDUCATION,50424.72
20,2026-06,False,SHOPPING,97934.74
20,2026-07,False,FOOD,23653.52
20,2026-07,False,TRANSPORT,34376.48
20,2026-07,False,HOUSING,46725.4
20,2026-07,False,UTILITIES,24642.54
20,2026-07,False,ENTERTAINMENT,61585.92
20,2026-07,False,HEALTH,46786.07
20,2026-07,False,EDUCATION,49367.89
20,2026-07,False,SHOPPING,87945.3
20,2026-08,True,FOOD,48928.39
20,2026-08,True,TRANSPORT,42415.17
20,2026-08,True,HOUSING,48765.04
20,2026-08,True,UTILITIES,18242.22
20,2026-08,True,ENTERTAINMENT,55803.99
20,2026-08,True,HEALTH,17463.67
20,2026-08,True,EDUCATION,30074.42
20,2026-08,True,SHOPPING,61701.77
