texto,categoria
APP STORE,ENTERTAINMENT
COMPRA APP STORE SANTIAGO,ENTERTAINMENT
APP STORE SPA,ENTERTAINMENT
PAGO APP STORE SANTIAGO,ENTERTAINMENT
TEF A APP STORE,ENTERTAINMENT
TEF A APPLE BILL LAS CONDES,ENTERTAINMENT
APPLE BILL,ENTERTAINMENT
APPLE BILL SANTIAGO,ENTERTAINMENT
COMPRA APPLE BILL CHILE,ENTERTAINMENT
TEF A APPLE BILL,ENTERTAINMENT
APPSTORE,ENTERTAINMENT
TEF A APPSTORE PROVIDENCIA,ENTERTAINMENT
COMPRA APPSTORE LAS CONDES,ENTERTAINMENT
TEF A APPSTORE SANTIAGO,ENTERTAINMENT
TEF A APPSTORE LAS CONDES,ENTERTAINMENT
COMPRA NACIONAL BETANO PROVIDENCIA,ENTERTAINMENT
COMPRA BETANO PROVIDENCIA,ENTERTAINMENT
PAGO BETANO SANTIAGO,ENTERTAINMENT
BETANO,ENTERTAINMENT
BETANO SANTIAGO,ENTERTAINMENT
CINEHOYTS SPA,ENTERTAINMENT
CINEHOYTS,ENTERTAINMENT
TEF A CINEHOYTS PROVIDENCIA,ENTERTAINMENT
COMPRA NACIONAL CINEHOYTS,ENTERTAINMENT
PAGO CINEHOYTS PROVIDENCIA,ENTERTAINMENT
CINEMARK CHILE,ENTERTAINMENT
PAGO CINEMARK SPA,ENTERTAINMENT
COMPRA NACIONAL CINEMARK CHILE,ENTERTAINMENT
CINEMARK LAS CONDES,ENTERTAINMENT
CINEMARK,ENTERTAINMENT
TEF A COOLBET SANTIAGO,ENTERTAINMENT
TEF A COOLBET PROVIDENCIA,ENTERTAINMENT
COMPRA COOLBET PROVIDENCIA,ENTERTAINMENT
COOLBET,ENTERTAINMENT
COOLBET SANTIAGO,ENTERTAINMENT
PAGO CRUNCHYROLL SANTIAGO,ENTERTAINMENT
PAGO CRUNCHYROLL LAS CONDES,ENTERTAINMENT
PAGO CRUNCHYROLL PROVIDENCIA,ENTERTAINMENT
CRUNCHYROLL,ENTERTAINMENT
CRUNCHYROLL LAS CONDES,ENTERTAINMENT
GOOGLE PLAY,ENTERTAINMENT
PAGO GOOGLE PLAY SPA,ENTERTAINMENT
COMPRA GOOGLE PLAY SPA,ENTERTAINMENT
COMPRA GOOGLE PLAY CHILE,ENTERTAINMENT
GOOGLE PLAY CHILE,ENTERTAINMENT
PAGO HAPPYLAND SPA,ENTERTAINMENT
HAPPYLAND,ENTERTAINMENT
COMPRA NACIONAL HAPPYLAND LAS CONDES,ENTERTAINMENT
COMPRA HAPPYLAND SANTIAGO,ENTERTAINMENT
TEF A HAPPYLAND SANTIAGO,ENTERTAINMENT
COMPRA HBO MAX CHILE,ENTERTAINMENT
COMPRA HBO MAX,ENTERTAINMENT
HBO MAX,ENTERTAINMENT
PAGO HBO MAX LAS CONDES,ENTERTAINMENT
PAGO HBO MAX,ENTERTAINMENT
COMPRA NACIONAL MAX STREAMING LAS CONDES,ENTERTAINMENT
COMPRA MAX STREAMING SPA,ENTERTAINMENT
COMPRA NACIONAL MAX STREAMING SANTIAGO,ENTERTAINMENT
PAGO MAX STREAMING SANTIAGO,ENTERTAINMENT
MAX STREAMING,ENTERTAINMENT
TEF A NETFLIX CHILE,ENTERTAINMENT
NETFLIX,ENTERTAINMENT
PAGO NETFLIX SANTIAGO,ENTERTAINMENT
TEF A NETFLIX LAS CONDES,ENTERTAINMENT
PAGO NETFLIX SPA,ENTERTAINMENT
COMPRA NACIONAL PLAY STORE,ENTERTAINMENT
COMPRA PLAY STORE CHILE,ENTERTAINMENT
COMPRA PLAY STORE SPA,ENTERTAINMENT
PLAY STORE,ENTERTAINMENT
COMPRA NACIONAL PLAY STORE CHILE,ENTERTAINMENT
PLAYSTORE,ENTERTAINMENT
COMPRA NACIONAL PLAYSTORE CHILE,ENTERTAINMENT
PAGO PLAYSTORE CHILE,ENTERTAINMENT
PLAYSTORE SPA,ENTERTAINMENT
PLAYSTORE LAS CONDES,ENTERTAINMENT
PUNTO TICKET SPA,ENTERTAINMENT
PAGO PUNTO TICKET,ENTERTAINMENT
TEF A PUNTO TICKET PROVIDENCIA,ENTERTAINMENT
PUNTO TICKET,ENTERTAINMENT
PAGO PUNTO TICKET LAS CONDES,ENTERTAINMENT
COMPRA SPOTIFY CHILE,ENTERTAINMENT
SPOTIFY SPA,ENTERTAINMENT
PAGO SPOTIFY CHILE,ENTERTAINMENT
SPOTIFY,ENTERTAINMENT
COMPRA SPOTIFY LAS CONDES,ENTERTAINMENT
PAGO STEAM SPA,ENTERTAINMENT
STEAM,ENTERTAINMENT
STEAM SPA,ENTERTAINMENT
TEF A STEAM CHILE,ENTERTAINMENT
COMPRA STEAM SANTIAGO,ENTERTAINMENT
TICKETMASTER CHILE,ENTERTAINMENT
PAGO TICKETMASTER SANTIAGO,ENTERTAINMENT
PAGO TICKETMASTER LAS CONDES,ENTERTAINMENT
TICKETMASTER,ENTERTAINMENT
TEF A TICKETMASTER CHILE,ENTERTAINMENT
COMPRA NACIONAL TWITCH,ENTERTAINMENT
COMPRA TWITCH CHILE,ENTERTAINMENT
COMPRA TWITCH,ENTERTAINMENT
PAGO TWITCH PROVIDENCIA,ENTERTAINMENT
TWITCH,ENTERTAINMENT
COMPRA NACIONAL ACUENTA CHILE,FOOD
COMPRA ACUENTA PROVIDENCIA,FOOD
TEF A ACUENTA SANTIAGO,FOOD
ACUENTA,FOOD
COMPRA ACUENTA SPA,FOOD
COMPRA NACIONAL ALVI SANTIAGO,FOOD
ALVI,FOOD
COMPRA ALVI SPA,FOOD
TEF A ALVI CHILE,FOOD
TEF A ALVI SPA,FOOD
COMPRA CASTANO,FOOD
CASTANO SANTIAGO,FOOD
PAGO CASTANO LAS CONDES,FOOD
TEF A CASTANO LAS CONDES,FOOD
CASTANO,FOOD
DOGGIS,FOOD
TEF A DOGGIS CHILE,FOOD
COMPRA DOGGIS CHILE,FOOD
COMPRA DOGGIS,FOOD
PAGO DOGGIS,FOOD
JUAN MAESTRO,FOOD
PAGO JUAN MAESTRO,FOOD
JUAN MAESTRO SPA,FOOD
TEF A JUAN MAESTRO SANTIAGO,FOOD
JUAN MAESTRO SANTIAGO,FOOD
TEF A JUMBO CHILE,FOOD
COMPRA NACIONAL JUMBO SANTIAGO,FOOD
JUMBO,FOOD
TEF A JUMBO SANTIAGO,FOOD
PAGO JUMBO SPA,FOOD
COMPRA LIDER,FOOD
LIDER SPA,FOOD
LIDER,FOOD
COMPRA NACIONAL LIDER SANTIAGO,FOOD
COMPRA NACIONAL LIDER LAS CONDES,FOOD
COMPRA NACIONAL MAYORISTA LAS CONDES,FOOD
COMPRA NACIONAL MAYORISTA PROVIDENCIA,FOOD
MAYORISTA,FOOD
MAYORISTA SPA,FOOD
COMPRA NACIONAL MAYORISTA SPA,FOOD
COMPRA OK MARKET SANTIAGO,FOOD
PAGO OK MARKET,FOOD
OK MARKET,FOOD
COMPRA NACIONAL OK MARKET SPA,FOOD
COMPRA OK MARKET CHILE,FOOD
COMPRA NACIONAL OXXO SANTIAGO,FOOD
OXXO,FOOD
PAGO OXXO LAS CONDES,FOOD
COMPRA OXXO,FOOD
COMPRA NACIONAL OXXO CHILE,FOOD
PEDIDOSYA,FOOD
COMPRA NACIONAL PEDIDOSYA LAS CONDES,FOOD
TEF A PEDIDOSYA,FOOD
PEDIDOSYA SANTIAGO,FOOD
COMPRA PEDIDOSYA LAS CONDES,FOOD
PEDRO JUAN Y DIEGO,FOOD
PEDRO JUAN Y DIEGO SANTIAGO,FOOD
COMPRA NACIONAL PEDRO JUAN Y DIEGO PROVIDENCIA,FOOD
COMPRA NACIONAL PEDRO JUAN Y DIEGO,FOOD
COMPRA PEDRO JUAN Y DIEGO LAS CONDES,FOOD
COMPRA NACIONAL RAPPI SANTIAGO,FOOD
COMPRA NACIONAL RAPPI SPA,FOOD
TEF A RAPPI SPA,FOOD
COMPRA NACIONAL RAPPI PROVIDENCIA,FOOD
RAPPI,FOOD
TEF A SANTA ISABEL,FOOD
COMPRA SANTA ISABEL PROVIDENCIA,FOOD
TEF A SANTA ISABEL SPA,FOOD
COMPRA SANTA ISABEL,FOOD
SANTA ISABEL,FOOD
TARRAGONA,FOOD
TEF A TARRAGONA SANTIAGO,FOOD
PAGO TARRAGONA,FOOD
TARRAGONA CHILE,FOOD
COMPRA NACIONAL TARRAGONA CHILE,FOOD
TOTTUS CHILE,FOOD
COMPRA TOTTUS LAS CONDES,FOOD
TOTTUS,FOOD
TOTTUS SPA,FOOD
TOTTUS SANTIAGO,FOOD
UNIMARC,FOOD
UNIMARC CHILE,FOOD
COMPRA NACIONAL UNIMARC SPA,FOOD
COMPRA UNIMARC CHILE,FOOD
TEF A UNIMARC,FOOD
PAGO CRUZ VERDE LAS CONDES,HEALTH
TEF A CRUZ VERDE CHILE,HEALTH
PAGO CRUZ VERDE SANTIAGO,HEALTH
CRUZ VERDE,HEALTH
TEF A CRUZ VERDE PROVIDENCIA,HEALTH
COMPRA DR SIMI SPA,HEALTH
DR SIMI,HEALTH
PAGO DR SIMI LAS CONDES,HEALTH
DR SIMI LAS CONDES,HEALTH
PAGO DR SIMI,HEALTH
TEF A FARMACIAS AHUMADA SANTIAGO,HEALTH
TEF A FARMACIAS AHUMADA CHILE,HEALTH
TEF A FARMACIAS AHUMADA PROVIDENCIA,HEALTH
COMPRA FARMACIAS AHUMADA PROVIDENCIA,HEALTH
FARMACIAS AHUMADA,HEALTH
INTEGRAMEDICA,HEALTH
TEF A INTEGRAMEDICA SPA,HEALTH
PAGO INTEGRAMEDICA PROVIDENCIA,HEALTH
COMPRA INTEGRAMEDICA LAS CONDES,HEALTH
INTEGRAMEDICA SANTIAGO,HEALTH
RED SALUD,HEALTH
RED SALUD SANTIAGO,HEALTH
TEF A RED SALUD PROVIDENCIA,HEALTH
PAGO RED SALUD CHILE,HEALTH
TEF A RED SALUD,HEALTH
PAGO SALCOBRAND PROVIDENCIA,HEALTH
TEF A SALCOBRAND SANTIAGO,HEALTH
SALCOBRAND SPA,HEALTH
SALCOBRAND,HEALTH
PAGO SALCOBRAND,HEALTH
CASAIDEAS,HOUSING
TEF A CASAIDEAS SANTIAGO,HOUSING
PAGO CASAIDEAS CHILE,HOUSING
COMPRA NACIONAL CASAIDEAS PROVIDENCIA,HOUSING
PAGO CASAIDEAS SANTIAGO,HOUSING
COMPRA NACIONAL FINTUAL CHILE,INVESTMENT
FINTUAL SPA,INVESTMENT
COMPRA NACIONAL FINTUAL PROVIDENCIA,INVESTMENT
FINTUAL,INVESTMENT
PAGO FINTUAL SANTIAGO,INVESTMENT
CENCOSUD,SHOPPING
TEF A CENCOSUD CHILE,SHOPPING
COMPRA CENCOSUD CHILE,SHOPPING
COMPRA CENCOSUD LAS CONDES,SHOPPING
CENCOSUD PROVIDENCIA,SHOPPING
PAGO CHILEMAT PROVIDENCIA,SHOPPING
COMPRA CHILEMAT SPA,SHOPPING
COMPRA CHILEMAT,SHOPPING
CHILEMAT PROVIDENCIA,SHOPPING
CHILEMAT,SHOPPING
CONSTRUMART,SHOPPING
CONSTRUMART PROVIDENCIA,SHOPPING
TEF A CONSTRUMART LAS CONDES,SHOPPING
COMPRA CONSTRUMART SPA,SHOPPING
TEF A CONSTRUMART SPA,SHOPPING
COMPRA CORONA SPA,SHOPPING
PAGO CORONA LAS CONDES,SHOPPING
COMPRA CORONA SANTIAGO,SHOPPING
COMPRA NACIONAL CORONA,SHOPPING
CORONA,SHOPPING
COMPRA EASY PROVIDENCIA,SHOPPING
EASY,SHOPPING
COMPRA EASY SPA,SHOPPING
COMPRA EASY SANTIAGO,SHOPPING
EASY LAS CONDES,SHOPPING
COMPRA FALABELLA LAS CONDES,SHOPPING
FALABELLA,SHOPPING
PAGO FALABELLA SANTIAGO,SHOPPING
COMPRA FALABELLA,SHOPPING
COMPRA NACIONAL FALABELLA PROVIDENCIA,SHOPPING
PAGO H M SPA,SHOPPING
TEF A H M LAS CONDES,SHOPPING
H M PROVIDENCIA,SHOPPING
H M,SHOPPING
PAGO H M PROVIDENCIA,SHOPPING
PAGO HITES SPA,SHOPPING
TEF A HITES LAS CONDES,SHOPPING
HITES,SHOPPING
TEF A HITES PROVIDENCIA,SHOPPING
PAGO HITES SANTIAGO,SHOPPING
IMPERIAL,SHOPPING
PAGO IMPERIAL LAS CONDES,SHOPPING
IMPERIAL LAS CONDES,SHOPPING
TEF A IMPERIAL CHILE,SHOPPING
TEF A IMPERIAL SANTIAGO,SHOPPING
COMPRA LA POLAR PROVIDENCIA,SHOPPING
COMPRA NACIONAL LA POLAR,SHOPPING
LA POLAR,SHOPPING
TEF A LA POLAR CHILE,SHOPPING
PAGO LA POLAR,SHOPPING
MTS SPA,SHOPPING
PAGO MTS CHILE,SHOPPING
PAGO MTS SPA,SHOPPING
COMPRA NACIONAL MTS,SHOPPING
MTS,SHOPPING
PAGO PARIS CHILE,SHOPPING
COMPRA NACIONAL PARIS SPA,SHOPPING
PARIS,SHOPPING
COMPRA NACIONAL PARIS PROVIDENCIA,SHOPPING
PAGO PARIS SPA,SHOPPING
COMPRA PC FACTORY SANTIAGO,SHOPPING
COMPRA PC FACTORY CHILE,SHOPPING
PAGO PC FACTORY CHILE,SHOPPING
PC FACTORY,SHOPPING
COMPRA NACIONAL PC FACTORY SPA,SHOPPING
RIPLEY,SHOPPING
PAGO RIPLEY SANTIAGO,SHOPPING
TEF A RIPLEY PROVIDENCIA,SHOPPING
COMPRA NACIONAL RIPLEY CHILE,SHOPPING
RIPLEY PROVIDENCIA,SHOPPING
PAGO SODIMAC LAS CONDES,SHOPPING
COMPRA NACIONAL SODIMAC LAS CONDES,SHOPPING
SODIMAC,SHOPPING
TEF A SODIMAC SPA,SHOPPING
COMPRA NACIONAL SODIMAC CHILE,SHOPPING
TRICOT PROVIDENCIA,SHOPPING
COMPRA NACIONAL TRICOT SPA,SHOPPING
COMPRA TRICOT SPA,SHOPPING
TRICOT,SHOPPING
COMPRA TRICOT CHILE,SHOPPING
PAGO ZARA SANTIAGO,SHOPPING
ZARA SANTIAGO,SHOPPING
TEF A ZARA SPA,SHOPPING
ZARA,SHOPPING
TEF A ZARA PROVIDENCIA,SHOPPING
COMPRA AUTOPISTA LAS CONDES,TRANSPORT
COMPRA AUTOPISTA SANTIAGO,TRANSPORT
TEF A AUTOPISTA,TRANSPORT
AUTOPISTA,TRANSPORT
COMPRA NACIONAL AUTOPISTA LAS CONDES,TRANSPORT
COMPRA NACIONAL CABIFY SANTIAGO,TRANSPORT
TEF A CABIFY SANTIAGO,TRANSPORT
COMPRA CABIFY SPA,TRANSPORT
COMPRA NACIONAL CABIFY LAS CONDES,TRANSPORT
CABIFY,TRANSPORT
COMPRA NACIONAL CARGA BIP SANTIAGO,TRANSPORT
CARGA BIP CHILE,TRANSPORT
CARGA BIP,TRANSPORT
COMPRA CARGA BIP SPA,TRANSPORT
TEF A CARGA BIP LAS CONDES,TRANSPORT
COMPRA COPEC,TRANSPORT
COPEC,TRANSPORT
COMPRA NACIONAL COPEC SPA,TRANSPORT
COMPRA NACIONAL COPEC SANTIAGO,TRANSPORT
TEF A COPEC CHILE,TRANSPORT
COMPRA NACIONAL COSTANERA NORTE CHILE,TRANSPORT
COSTANERA NORTE,TRANSPORT
TEF A COSTANERA NORTE LAS CONDES,TRANSPORT
COMPRA COSTANERA NORTE SPA,TRANSPORT
TEF A COSTANERA NORTE PROVIDENCIA,TRANSPORT
COMPRA NACIONAL DIDI SPA,TRANSPORT
PAGO DIDI SANTIAGO,TRANSPORT
COMPRA NACIONAL DIDI LAS CONDES,TRANSPORT
DIDI,TRANSPORT
PAGO DIDI CHILE,TRANSPORT
COMPRA NACIONAL METRO SA,TRANSPORT
PAGO METRO SA SANTIAGO,TRANSPORT
METRO SA,TRANSPORT
COMPRA METRO SA PROVIDENCIA,TRANSPORT
PAGO METRO SA PROVIDENCIA,TRANSPORT
COMPRA NACIONAL PETROBRAS SPA,TRANSPORT
PAGO PETROBRAS CHILE,TRANSPORT
COMPRA PETROBRAS SANTIAGO,TRANSPORT
PETROBRAS,TRANSPORT
PETROBRAS SANTIAGO,TRANSPORT
COMPRA SHELL SPA,TRANSPORT
SHELL,TRANSPORT
COMPRA SHELL,TRANSPORT
PAGO SHELL CHILE,TRANSPORT
COMPRA NACIONAL SHELL LAS CONDES,TRANSPORT
UBER CHILE,TRANSPORT
COMPRA NACIONAL UBER LAS CONDES,TRANSPORT
TEF A UBER SPA,TRANSPORT
UBER,TRANSPORT
UBER SANTIAGO,TRANSPORT
VESPUCIO NORTE PROVIDENCIA,TRANSPORT
COMPRA NACIONAL VESPUCIO NORTE CHILE,TRANSPORT
COMPRA NACIONAL VESPUCIO NORTE LAS CONDES,TRANSPORT
PAGO VESPUCIO NORTE LAS CONDES,TRANSPORT
VESPUCIO NORTE,TRANSPORT
COMPRA VESPUCIO SUR PROVIDENCIA,TRANSPORT
COMPRA VESPUCIO SUR LAS CONDES,TRANSPORT
VESPUCIO SUR,TRANSPORT
COMPRA NACIONAL VESPUCIO SUR LAS CONDES,TRANSPORT
TEF A VESPUCIO SUR CHILE,TRANSPORT
ABASTIBLE LAS CONDES,UTILITIES
ABASTIBLE,UTILITIES
COMPRA NACIONAL ABASTIBLE SPA,UTILITIES
COMPRA ABASTIBLE LAS CONDES,UTILITIES
PAGO ABASTIBLE SPA,UTILITIES
COMPRA AGUAS ANDINAS CHILE,UTILITIES
TEF A AGUAS ANDINAS,UTILITIES
AGUAS ANDINAS,UTILITIES
COMPRA NACIONAL AGUAS ANDINAS CHILE,UTILITIES
TEF A AGUAS ANDINAS SPA,UTILITIES
COMPRA NACIONAL CGE PROVIDENCIA,UTILITIES
CGE,UTILITIES
CGE PROVIDENCIA,UTILITIES
COMPRA NACIONAL CGE SANTIAGO,UTILITIES
COMPRA CGE LAS CONDES,UTILITIES
CLARO LAS CONDES,UTILITIES
COMPRA NACIONAL CLARO PROVIDENCIA,UTILITIES
CLARO SPA,UTILITIES
PAGO CLARO PROVIDENCIA,UTILITIES
CLARO,UTILITIES
PAGO ENEL SANTIAGO,UTILITIES
ENEL SPA,UTILITIES
TEF A ENEL,UTILITIES
ENEL,UTILITIES
COMPRA ENEL SANTIAGO,UTILITIES
COMPRA ENTEL SANTIAGO,UTILITIES
ENTEL CHILE,UTILITIES
COMPRA ENTEL LAS CONDES,UTILITIES
ENTEL,UTILITIES
PAGO ENTEL PROVIDENCIA,UTILITIES
PAGO ESSBIO,UTILITIES
ESSBIO,UTILITIES
ESSBIO SANTIAGO,UTILITIES
COMPRA ESSBIO CHILE,UTILITIES
TEF A ESSBIO SPA,UTILITIES
PAGO ESVAL CHILE,UTILITIES
TEF A ESVAL,UTILITIES
ESVAL,UTILITIES
COMPRA NACIONAL ESVAL LAS CONDES,UTILITIES
COMPRA ESVAL,UTILITIES
TEF A GASCO,UTILITIES
COMPRA GASCO,UTILITIES
GASCO,UTILITIES
TEF A GASCO SPA,UTILITIES
PAGO GASCO SPA,UTILITIES
PAGO LIPOIGAS,UTILITIES
LIPOIGAS,UTILITIES
COMPRA NACIONAL LIPOIGAS SPA,UTILITIES
TEF A LIPOIGAS,UTILITIES
PAGO LIPOIGAS CHILE,UTILITIES
METROGAS,UTILITIES
METROGAS LAS CONDES,UTILITIES
COMPRA NACIONAL METROGAS LAS CONDES,UTILITIES
PAGO METROGAS,UTILITIES
TEF A METROGAS SPA,UTILITIES
COMPRA MOVISTAR SPA,UTILITIES
COMPRA NACIONAL MOVISTAR SPA,UTILITIES
MOVISTAR,UTILITIES
COMPRA MOVISTAR LAS CONDES,UTILITIES
PAGO MOVISTAR SPA,UTILITIES
TEF A VTR LAS CONDES,UTILITIES
VTR,UTILITIES
COMPRA NACIONAL VTR LAS CONDES,UTILITIES
TEF A VTR SPA,UTILITIES
PAGO VTR CHILE,UTILITIES
PAGO WOM SANTIAGO,UTILITIES
WOM PROVIDENCIA,UTILITIES
TEF A WOM PROVIDENCIA,UTILITIES
WOM,UTILITIES
COMPRA NACIONAL WOM SANTIAGO,UTILITIES
COMPRA NACIONAL AIEP CHILE,EDUCATION
TEF A AIEP SPA,EDUCATION
AIEP LAS CONDES,EDUCATION
COMPRA NACIONAL AIEP PROVIDENCIA,EDUCATION
AIEP,EDUCATION
PAGO ARANCEL PROVIDENCIA,EDUCATION
COMPRA NACIONAL ARANCEL SANTIAGO,EDUCATION
PAGO ARANCEL SANTIAGO,EDUCATION
ARANCEL,EDUCATION
TEF A ARANCEL SPA,EDUCATION
COMPRA CAE,EDUCATION
CAE CHILE,EDUCATION
CAE,EDUCATION
COMPRA CAE SPA,EDUCATION
PAGO CAE CHILE,EDUCATION
TEF A COLEGIO SANTIAGO,EDUCATION
PAGO COLEGIO SANTIAGO,EDUCATION
COMPRA NACIONAL COLEGIO SPA,EDUCATION
COMPRA NACIONAL COLEGIO LAS CONDES,EDUCATION
COLEGIO,EDUCATION
COMPRA NACIONAL COURSERA SPA,EDUCATION
COMPRA COURSERA PROVIDENCIA,EDUCATION
COURSERA,EDUCATION
TEF A COURSERA PROVIDENCIA,EDUCATION
COMPRA NACIONAL COURSERA CHILE,EDUCATION
COMPRA NACIONAL DOMESTIKA PROVIDENCIA,EDUCATION
DOMESTIKA,EDUCATION
PAGO DOMESTIKA SPA,EDUCATION
COMPRA NACIONAL DOMESTIKA SPA,EDUCATION
TEF A DOMESTIKA PROVIDENCIA,EDUCATION
COMPRA DUOC PROVIDENCIA,EDUCATION
DUOC,EDUCATION
PAGO DUOC PROVIDENCIA,EDUCATION
DUOC SPA,EDUCATION
COMPRA DUOC,EDUCATION
DUOLINGO,EDUCATION
TEF A DUOLINGO SPA,EDUCATION
COMPRA DUOLINGO SANTIAGO,EDUCATION
COMPRA NACIONAL DUOLINGO PROVIDENCIA,EDUCATION
COMPRA DUOLINGO SPA,EDUCATION
ESCUELA,EDUCATION
ESCUELA SANTIAGO,EDUCATION
PAGO ESCUELA SANTIAGO,EDUCATION
TEF A ESCUELA CHILE,EDUCATION
TEF A ESCUELA PROVIDENCIA,EDUCATION
PAGO INACAP SANTIAGO,EDUCATION
INACAP,EDUCATION
PAGO INACAP,EDUCATION
INACAP CHILE,EDUCATION
TEF A INACAP SANTIAGO,EDUCATION
COMPRA INSTITUTO SPA,EDUCATION
INSTITUTO,EDUCATION
COMPRA NACIONAL INSTITUTO,EDUCATION
INSTITUTO CHILE,EDUCATION
PAGO INSTITUTO SPA,EDUCATION
PAGO LIBRERIA SANTIAGO,EDUCATION
LIBRERIA,EDUCATION
PAGO LIBRERIA LAS CONDES,EDUCATION
LIBRERIA PROVIDENCIA,EDUCATION
COMPRA NACIONAL LIBRERIA LAS CONDES,EDUCATION
LIBRO SANTIAGO,EDUCATION
LIBRO,EDUCATION
TEF A LIBRO SPA,EDUCATION
COMPRA NACIONAL LIBRO,EDUCATION
LIBRO LAS CONDES,EDUCATION
TEF A MATRICULA LAS CONDES,EDUCATION
MATRICULA,EDUCATION
COMPRA MATRICULA CHILE,EDUCATION
COMPRA MATRICULA,EDUCATION
PAGO MATRICULA,EDUCATION
TEF A MENSUALIDAD CHILE,EDUCATION
MENSUALIDAD,EDUCATION
TEF A MENSUALIDAD SANTIAGO,EDUCATION
COMPRA NACIONAL MENSUALIDAD LAS CONDES,EDUCATION
TEF A MENSUALIDAD LAS CONDES,EDUCATION
PAGO OPEN ENGLISH CHILE,EDUCATION
COMPRA NACIONAL OPEN ENGLISH PROVIDENCIA,EDUCATION
TEF A OPEN ENGLISH CHILE,EDUCATION
OPEN ENGLISH,EDUCATION
OPEN ENGLISH CHILE,EDUCATION
PLATZI SANTIAGO,EDUCATION
COMPRA PLATZI SANTIAGO,EDUCATION
COMPRA PLATZI PROVIDENCIA,EDUCATION
PLATZI,EDUCATION
TEF A PLATZI,EDUCATION
UDEMY,EDUCATION
TEF A UDEMY LAS CONDES,EDUCATION
COMPRA NACIONAL UDEMY LAS CONDES,EDUCATION
PAGO UDEMY,EDUCATION
COMPRA UDEMY,EDUCATION
COMPRA NACIONAL UNIVERSIDAD,EDUCATION
TEF A UNIVERSIDAD SPA,EDUCATION
PAGO UNIVERSIDAD SPA,EDUCATION
COMPRA UNIVERSIDAD PROVIDENCIA,EDUCATION
UNIVERSIDAD,EDUCATION
COMPRA AMAZON PRIME SPA,ENTERTAINMENT
AMAZON PRIME CHILE,ENTERTAINMENT
COMPRA AMAZON PRIME LAS CONDES,ENTERTAINMENT
COMPRA AMAZON PRIME PROVIDENCIA,ENTERTAINMENT
AMAZON PRIME,ENTERTAINMENT
PAGO APP STORE CHILE,ENTERTAINMENT
TEF A APP STORE PROVIDENCIA,ENTERTAINMENT
APP STORE SANTIAGO,ENTERTAINMENT
COMPRA APP STORE,ENTERTAINMENT
COMPRA NACIONAL APPLE BILL,ENTERTAINMENT
COMPRA NACIONAL APPLE BILL SPA,ENTERTAINMENT
COMPRA NACIONAL APPLE BILL PROVIDENCIA,ENTERTAINMENT
PAGO APPLE BILL SPA,ENTERTAINMENT
APPLE MUSIC CHILE,ENTERTAINMENT
COMPRA NACIONAL APPLE MUSIC LAS CONDES,ENTERTAINMENT
APPLE MUSIC,ENTERTAINMENT
TEF A APPLE MUSIC CHILE,ENTERTAINMENT
APPLE MUSIC LAS CONDES,ENTERTAINMENT
APPLE TV SANTIAGO,ENTERTAINMENT
PAGO APPLE TV,ENTERTAINMENT
TEF A APPLE TV CHILE,ENTERTAINMENT
PAGO APPLE TV CHILE,ENTERTAINMENT
APPLE TV,ENTERTAINMENT
COMPRA NACIONAL APPSTORE CHILE,ENTERTAINMENT
APPSTORE SANTIAGO,ENTERTAINMENT
APPSTORE SPA,ENTERTAINMENT
PAGO APPSTORE CHILE,ENTERTAINMENT
COMPRA BATTLE NET CHILE,ENTERTAINMENT
COMPRA NACIONAL BATTLE NET SPA,ENTERTAINMENT
BATTLE NET,ENTERTAINMENT
COMPRA NACIONAL BATTLE NET,ENTERTAINMENT
COMPRA NACIONAL BATTLE NET PROVIDENCIA,ENTERTAINMENT
BATTLENET,ENTERTAINMENT
COMPRA NACIONAL BATTLENET PROVIDENCIA,ENTERTAINMENT
PAGO BATTLENET SPA,ENTERTAINMENT
PAGO BATTLENET LAS CONDES,ENTERTAINMENT
BATTLENET SANTIAGO,ENTERTAINMENT
BETANO PROVIDENCIA,ENTERTAINMENT
BETANO LAS CONDES,ENTERTAINMENT
COMPRA NACIONAL BETANO CHILE,ENTERTAINMENT
TEF A BLIZZARD,ENTERTAINMENT
BLIZZARD,ENTERTAINMENT
TEF A BLIZZARD LAS CONDES,ENTERTAINMENT
PAGO BLIZZARD PROVIDENCIA,ENTERTAINMENT
BLIZZARD LAS CONDES,ENTERTAINMENT
COMPRA CINE CHILE,ENTERTAINMENT
COMPRA NACIONAL CINE,ENTERTAINMENT
CINE,ENTERTAINMENT
PAGO CINE CHILE,ENTERTAINMENT
COMPRA NACIONAL CINE SPA,ENTERTAINMENT
COMPRA NACIONAL CINEMARK,ENTERTAINMENT
COMPRA CINEMARK PROVIDENCIA,ENTERTAINMENT
PAGO CINEMARK LAS CONDES,ENTERTAINMENT
TEF A CINEMARK SANTIAGO,ENTERTAINMENT
COMPRA CINEPLANET PROVIDENCIA,ENTERTAINMENT
TEF A CINEPLANET SANTIAGO,ENTERTAINMENT
COMPRA NACIONAL CINEPLANET,ENTERTAINMENT
CINEPLANET SPA,ENTERTAINMENT
CINEPLANET,ENTERTAINMENT
CINEPOLIS SANTIAGO,ENTERTAINMENT
TEF A CINEPOLIS LAS CONDES,ENTERTAINMENT
CINEPOLIS,ENTERTAINMENT
CINEPOLIS LAS CONDES,ENTERTAINMENT
TEF A CINEPOLIS,ENTERTAINMENT
CONCIERTO SPA,ENTERTAINMENT
CONCIERTO,ENTERTAINMENT
PAGO CONCIERTO LAS CONDES,ENTERTAINMENT
COMPRA CONCIERTO LAS CONDES,ENTERTAINMENT
PAGO CONCIERTO CHILE,ENTERTAINMENT
COMPRA NACIONAL COOLBET LAS CONDES,ENTERTAINMENT
COMPRA COOLBET LAS CONDES,ENTERTAINMENT
COMPRA NACIONAL COOLBET SANTIAGO,ENTERTAINMENT
PAGO CRUNCHYROLL CHILE,ENTERTAINMENT
COMPRA CRUNCHYROLL,ENTERTAINMENT
TEF A CRUNCHYROLL CHILE,ENTERTAINMENT
PAGO DEEZER CHILE,ENTERTAINMENT
TEF A DEEZER SPA,ENTERTAINMENT
DEEZER,ENTERTAINMENT
PAGO DEEZER SPA,ENTERTAINMENT
PAGO DEEZER,ENTERTAINMENT
PAGO DISCORD CHILE,ENTERTAINMENT
COMPRA NACIONAL DISCORD PROVIDENCIA,ENTERTAINMENT
COMPRA NACIONAL DISCORD CHILE,ENTERTAINMENT
DISCORD,ENTERTAINMENT
COMPRA NACIONAL DISCORD SANTIAGO,ENTERTAINMENT
TEF A DISCOTECA LAS CONDES,ENTERTAINMENT
DISCOTECA,ENTERTAINMENT
COMPRA DISCOTECA CHILE,ENTERTAINMENT
COMPRA NACIONAL DISCOTECA PROVIDENCIA,ENTERTAINMENT
COMPRA DISCOTECA SPA,ENTERTAINMENT
DISCOTEQUE,ENTERTAINMENT
COMPRA NACIONAL DISCOTEQUE SPA,ENTERTAINMENT
COMPRA NACIONAL DISCOTEQUE,ENTERTAINMENT
PAGO DISCOTEQUE SPA,ENTERTAINMENT
COMPRA NACIONAL DISCOTEQUE SANTIAGO,ENTERTAINMENT
DISNEY,ENTERTAINMENT
DISNEY SANTIAGO,ENTERTAINMENT
COMPRA NACIONAL DISNEY LAS CONDES,ENTERTAINMENT
COMPRA DISNEY LAS CONDES,ENTERTAINMENT
TEF A DISNEY CHILE,ENTERTAINMENT
PAGO ENTRADA,ENTERTAINMENT
COMPRA NACIONAL ENTRADA,ENTERTAINMENT
ENTRADA,ENTERTAINMENT
ENTRADA SPA,ENTERTAINMENT
TEF A ENTRADA LAS CONDES,ENTERTAINMENT
EPIC GAMES,ENTERTAINMENT
PAGO EPIC GAMES CHILE,ENTERTAINMENT
COMPRA EPIC GAMES LAS CONDES,ENTERTAINMENT
COMPRA EPIC GAMES,ENTERTAINMENT
COMPRA NACIONAL EPIC GAMES PROVIDENCIA,ENTERTAINMENT
PAGO EPICGAMES SPA,ENTERTAINMENT
EPICGAMES PROVIDENCIA,ENTERTAINMENT
EPICGAMES,ENTERTAINMENT
TEF A EPICGAMES LAS CONDES,ENTERTAINMENT
COMPRA NACIONAL EPICGAMES SPA,ENTERTAINMENT
ESTADIO,ENTERTAINMENT
COMPRA NACIONAL ESTADIO CHILE,ENTERTAINMENT
ESTADIO CHILE,ENTERTAINMENT
ESTADIO SANTIAGO,ENTERTAINMENT
PAGO ESTADIO SANTIAGO,ENTERTAINMENT
EVENTO LAS CONDES,ENTERTAINMENT
EVENTO,ENTERTAINMENT
PAGO EVENTO,ENTERTAINMENT
EVENTO SPA,ENTERTAINMENT
COMPRA EVENTO SPA,ENTERTAINMENT
COMPRA NACIONAL GOG COM SANTIAGO,ENTERTAINMENT
GOG COM,ENTERTAINMENT
GOG COM PROVIDENCIA,ENTERTAINMENT
COMPRA GOG COM CHILE,ENTERTAINMENT
PAGO GOG COM PROVIDENCIA,ENTERTAINMENT
COMPRA NACIONAL GOOGLE PLAY CHILE,ENTERTAINMENT
COMPRA GOOGLE PLAY,ENTERTAINMENT
TEF A GOOGLE PLAY LAS CONDES,ENTERTAINMENT
COMPRA GOOGLE PLAY SANTIAGO,ENTERTAINMENT
PAGO GOOGLEPLAY LAS CONDES,ENTERTAINMENT
TEF A GOOGLEPLAY SPA,ENTERTAINMENT
TEF A GOOGLEPLAY SANTIAGO,ENTERTAINMENT
GOOGLEPLAY,ENTERTAINMENT
COMPRA GOOGLEPLAY LAS CONDES,ENTERTAINMENT
HAPPYLAND LAS CONDES,ENTERTAINMENT
PAGO HAPPYLAND CHILE,ENTERTAINMENT
PAGO HBO SANTIAGO,ENTERTAINMENT
COMPRA NACIONAL HBO SPA,ENTERTAINMENT
PAGO HBO SPA,ENTERTAINMENT
HBO,ENTERTAINMENT
PAGO HBO LAS CONDES,ENTERTAINMENT
COMPRA NACIONAL HBO MAX CHILE,ENTERTAINMENT
PAGO HBO MAX CHILE,ENTERTAINMENT
HBO MAX SANTIAGO,ENTERTAINMENT
COMPRA NACIONAL HBO MAX LAS CONDES,ENTERTAINMENT
PAGO ITUNES SPA,ENTERTAINMENT
ITUNES,ENTERTAINMENT
COMPRA NACIONAL ITUNES PROVIDENCIA,ENTERTAINMENT
ITUNES CHILE,ENTERTAINMENT
PAGO ITUNES,ENTERTAINMENT
JUEGOS DIANA CHILE,ENTERTAINMENT
PAGO JUEGOS DIANA SANTIAGO,ENTERTAINMENT
JUEGOS DIANA,ENTERTAINMENT
COMPRA JUEGOS DIANA CHILE,ENTERTAINMENT
COMPRA NACIONAL JUEGOS DIANA PROVIDENCIA,ENTERTAINMENT
MAX STREAMING SPA,ENTERTAINMENT
COMPRA MAX STREAMING CHILE,ENTERTAINMENT
PAGO MAX STREAMING SPA,ENTERTAINMENT
COMPRA NETFLIX,ENTERTAINMENT
NETFLIX PROVIDENCIA,ENTERTAINMENT
TEF A NETFLIX PROVIDENCIA,ENTERTAINMENT
COMPRA NACIONAL NETFLIX,ENTERTAINMENT
TEF A NINTENDO PROVIDENCIA,ENTERTAINMENT
COMPRA NINTENDO SANTIAGO,ENTERTAINMENT
NINTENDO,ENTERTAINMENT
COMPRA NACIONAL NINTENDO SANTIAGO,ENTERTAINMENT
PAGO NINTENDO PROVIDENCIA,ENTERTAINMENT
PAGO ORIGIN SPA,ENTERTAINMENT
TEF A ORIGIN CHILE,ENTERTAINMENT
ORIGIN,ENTERTAINMENT
PAGO ORIGIN SANTIAGO,ENTERTAINMENT
PAGO ORIGIN LAS CONDES,ENTERTAINMENT
PARAMOUNT,ENTERTAINMENT
COMPRA PARAMOUNT SANTIAGO,ENTERTAINMENT
COMPRA NACIONAL PARAMOUNT CHILE,ENTERTAINMENT
COMPRA NACIONAL PARAMOUNT,ENTERTAINMENT
PAGO PARAMOUNT,ENTERTAINMENT
COMPRA NACIONAL PASSLINE,ENTERTAINMENT
PAGO PASSLINE,ENTERTAINMENT
PASSLINE,ENTERTAINMENT
PAGO PASSLINE CHILE,ENTERTAINMENT
PASSLINE LAS CONDES,ENTERTAINMENT
PAGO PLAY STORE SPA,ENTERTAINMENT
PAGO PLAY STORE CHILE,ENTERTAINMENT
PAGO PLAY STORE,ENTERTAINMENT
COMPRA NACIONAL PLAY STORE SPA,ENTERTAINMENT
PLAYSTATION,ENTERTAINMENT
PLAYSTATION CHILE,ENTERTAINMENT
COMPRA PLAYSTATION LAS CONDES,ENTERTAINMENT
TEF A PLAYSTATION PROVIDENCIA,ENTERTAINMENT
TEF A PLAYSTATION SANTIAGO,ENTERTAINMENT
COMPRA NACIONAL PLAYSTORE SPA,ENTERTAINMENT
COMPRA NACIONAL PLAYSTORE,ENTERTAINMENT
PAGO PLAYSTORE SPA,ENTERTAINMENT
PRIME VIDEO,ENTERTAINMENT
PRIME VIDEO PROVIDENCIA,ENTERTAINMENT
COMPRA PRIME VIDEO,ENTERTAINMENT
COMPRA NACIONAL PRIME VIDEO,ENTERTAINMENT
PRIME VIDEO SANTIAGO,ENTERTAINMENT
TEF A PRIMEVIDEO LAS CONDES,ENTERTAINMENT
COMPRA NACIONAL PRIMEVIDEO LAS CONDES,ENTERTAINMENT
PRIMEVIDEO,ENTERTAINMENT
TEF A PRIMEVIDEO SANTIAGO,ENTERTAINMENT
PAGO PRIMEVIDEO SPA,ENTERTAINMENT
TEF A PS PLUS LAS CONDES,ENTERTAINMENT
PS PLUS LAS CONDES,ENTERTAINMENT
TEF A PS PLUS SPA,ENTERTAINMENT
PS PLUS,ENTERTAINMENT
COMPRA PS PLUS LAS CONDES,ENTERTAINMENT
PSN,ENTERTAINMENT
COMPRA NACIONAL PSN LAS CONDES,ENTERTAINMENT
PAGO PSN,ENTERTAINMENT
PAGO PSN SANTIAGO,ENTERTAINMENT
COMPRA PSN PROVIDENCIA,ENTERTAINMENT
PAGO PUNTOTICKET CHILE,ENTERTAINMENT
PUNTOTICKET,ENTERTAINMENT
PUNTOTICKET SPA,ENTERTAINMENT
COMPRA NACIONAL PUNTOTICKET PROVIDENCIA,ENTERTAINMENT
PAGO PUNTOTICKET,ENTERTAINMENT
COMPRA RIOT GAMES SPA,ENTERTAINMENT
COMPRA NACIONAL RIOT GAMES,ENTERTAINMENT
TEF A RIOT GAMES,ENTERTAINMENT
RIOT GAMES,ENTERTAINMENT
COMPRA RIOT GAMES,ENTERTAINMENT
ROBLOX,ENTERTAINMENT
ROBLOX PROVIDENCIA,ENTERTAINMENT
COMPRA ROBLOX SANTIAGO,ENTERTAINMENT
TEF A ROBLOX SANTIAGO,ENTERTAINMENT
ROBLOX CHILE,ENTERTAINMENT
PAGO SOUNDCLOUD SANTIAGO,ENTERTAINMENT
COMPRA SOUNDCLOUD CHILE,ENTERTAINMENT
COMPRA SOUNDCLOUD SANTIAGO,ENTERTAINMENT
SOUNDCLOUD,ENTERTAINMENT
TEF A SOUNDCLOUD,ENTERTAINMENT
SPOTIFY SANTIAGO,ENTERTAINMENT
PAGO SPOTIFY SANTIAGO,ENTERTAINMENT
COMPRA STEAM PROVIDENCIA,ENTERTAINMENT
PAGO STEAM,ENTERTAINMENT
STEAM PROVIDENCIA,ENTERTAINMENT
COMPRA STEAM CHILE,ENTERTAINMENT
TEATRO LAS CONDES,ENTERTAINMENT
TEATRO SPA,ENTERTAINMENT
TEATRO,ENTERTAINMENT
TEATRO SANTIAGO,ENTERTAINMENT
COMPRA NACIONAL TEATRO CHILE,ENTERTAINMENT
TEF A TICKETPLUS SANTIAGO,ENTERTAINMENT
TEF A TICKETPLUS CHILE,ENTERTAINMENT
COMPRA NACIONAL TICKETPLUS PROVIDENCIA,ENTERTAINMENT
TICKETPLUS LAS CONDES,ENTERTAINMENT
TICKETPLUS,ENTERTAINMENT
TEF A TIDAL PROVIDENCIA,ENTERTAINMENT
TEF A TIDAL,ENTERTAINMENT
TIDAL,ENTERTAINMENT
COMPRA NACIONAL TIDAL LAS CONDES,ENTERTAINMENT
COMPRA NACIONAL TIDAL SPA,ENTERTAINMENT
TWITCH PROVIDENCIA,ENTERTAINMENT
COMPRA NACIONAL TWITCH SPA,ENTERTAINMENT
TWITCH LAS CONDES,ENTERTAINMENT
UBISOFT SANTIAGO,ENTERTAINMENT
UBISOFT,ENTERTAINMENT
TEF A UBISOFT CHILE,ENTERTAINMENT
TEF A UBISOFT SANTIAGO,ENTERTAINMENT
PAGO UBISOFT CHILE,ENTERTAINMENT
UPLAY,ENTERTAINMENT
TEF A UPLAY CHILE,ENTERTAINMENT
PAGO UPLAY LAS CONDES,ENTERTAINMENT
COMPRA NACIONAL UPLAY,ENTERTAINMENT
UPLAY SPA,ENTERTAINMENT
TEF A VALORANT SPA,ENTERTAINMENT
COMPRA NACIONAL VALORANT PROVIDENCIA,ENTERTAINMENT
COMPRA NACIONAL VALORANT SANTIAGO,ENTERTAINMENT
VALORANT,ENTERTAINMENT
COMPRA VALORANT LAS CONDES,ENTERTAINMENT
COMPRA NACIONAL XBOX PROVIDENCIA,ENTERTAINMENT
COMPRA NACIONAL XBOX SPA,ENTERTAINMENT
XBOX,ENTERTAINMENT
XBOX PROVIDENCIA,ENTERTAINMENT
COMPRA NACIONAL XBOX LAS CONDES,ENTERTAINMENT
COMPRA YOUTUBE SPA,ENTERTAINMENT
PAGO YOUTUBE PROVIDENCIA,ENTERTAINMENT
YOUTUBE,ENTERTAINMENT
COMPRA NACIONAL YOUTUBE,ENTERTAINMENT
YOUTUBE LAS CONDES,ENTERTAINMENT
TEF A YOUTUBE PREMIUM,ENTERTAINMENT
YOUTUBE PREMIUM SPA,ENTERTAINMENT
TEF A YOUTUBE PREMIUM CHILE,ENTERTAINMENT
PAGO YOUTUBE PREMIUM SANTIAGO,ENTERTAINMENT
YOUTUBE PREMIUM,ENTERTAINMENT
TEF A ACUENTA PROVIDENCIA,FOOD
ACUENTA LAS CONDES,FOOD
COMPRA NACIONAL ACUENTA SPA,FOOD
PAGO ACUENTA SPA,FOOD
ALMACEN,FOOD
PAGO ALMACEN,FOOD
TEF A ALMACEN CHILE,FOOD
ALMACEN PROVIDENCIA,FOOD
TEF A ALMACEN PROVIDENCIA,FOOD
TEF A ALVI PROVIDENCIA,FOOD
COMPRA ALVI SANTIAGO,FOOD
ALVI PROVIDENCIA,FOOD
TEF A BOTILLERIA SANTIAGO,FOOD
BOTILLERIA,FOOD
TEF A BOTILLERIA CHILE,FOOD
BOTILLERIA PROVIDENCIA,FOOD
COMPRA NACIONAL BOTILLERIA CHILE,FOOD
PAGO BURGER KING,FOOD
COMPRA BURGER KING PROVIDENCIA,FOOD
TEF A BURGER KING SPA,FOOD
TEF A BURGER KING,FOOD
BURGER KING,FOOD
PAGO CAFE,FOOD
CAFE,FOOD
TEF A CAFE SPA,FOOD
PAGO CAFE PROVIDENCIA,FOOD
COMPRA CAFE SANTIAGO,FOOD
CARNICERIA,FOOD
TEF A CARNICERIA SANTIAGO,FOOD
COMPRA CARNICERIA SPA,FOOD
COMPRA NACIONAL CARNICERIA,FOOD
COMPRA NACIONAL CARNICERIA LAS CONDES,FOOD
COMPRA CASINO PROVIDENCIA,FOOD
COMPRA NACIONAL CASINO PROVIDENCIA,FOOD
PAGO CASINO SPA,FOOD
PAGO CASINO CHILE,FOOD
CASINO,FOOD
COMPRA CASTANO CHILE,FOOD
TEF A CASTANO,FOOD
CASTANO SPA,FOOD
COLACION PROVIDENCIA,FOOD
COMPRA NACIONAL COLACION LAS CONDES,FOOD
TEF A COLACION LAS CONDES,FOOD
COLACION,FOOD
COMPRA NACIONAL COLACION SPA,FOOD
COMPRA CORNERSHOP CHILE,FOOD
COMPRA NACIONAL CORNERSHOP,FOOD
COMPRA NACIONAL CORNERSHOP PROVIDENCIA,FOOD
CORNERSHOP,FOOD
CORNERSHOP PROVIDENCIA,FOOD
TEF A DELIVERY SPA,FOOD
DELIVERY,FOOD
PAGO DELIVERY SPA,FOOD
PAGO DELIVERY,FOOD
TEF A DELIVERY LAS CONDES,FOOD
DOGGIS SANTIAGO,FOOD
TEF A DOGGIS,FOOD
PAGO DOGGIS SANTIAGO,FOOD
COMPRA DOGGIS LAS CONDES,FOOD
COMPRA NACIONAL DOMINOS SPA,FOOD
DOMINOS,FOOD
PAGO DOMINOS PROVIDENCIA,FOOD
COMPRA DOMINOS PROVIDENCIA,FOOD
COMPRA NACIONAL DOMINOS SANTIAGO,FOOD
ERBI,FOOD
PAGO ERBI,FOOD
COMPRA ERBI LAS CONDES,FOOD
COMPRA ERBI CHILE,FOOD
TEF A ERBI SPA,FOOD
FERIA,FOOD
COMPRA NACIONAL FERIA SPA,FOOD
TEF A FERIA LAS CONDES,FOOD
FERIA LAS CONDES,FOOD
FERIA PROVIDENCIA,FOOD
FUENTEMAYOR,FOOD
FUENTEMAYOR PROVIDENCIA,FOOD
FUENTEMAYOR LAS CONDES,FOOD
COMPRA NACIONAL FUENTEMAYOR PROVIDENCIA,FOOD
TEF A FUENTEMAYOR LAS CONDES,FOOD
COMPRA NACIONAL JUAN MAESTRO SPA,FOOD
COMPRA NACIONAL JUAN MAESTRO,FOOD
COMPRA JUAN MAESTRO CHILE,FOOD
COMPRA JUMBO LAS CONDES,FOOD
TEF A JUMBO LAS CONDES,FOOD
COMPRA NACIONAL JUMBO PROVIDENCIA,FOOD
TEF A JUMBO,FOOD
PAGO KFC SANTIAGO,FOOD
KFC,FOOD
TEF A KFC SANTIAGO,FOOD
KFC CHILE,FOOD
PAGO KFC PROVIDENCIA,FOOD
LIDER SANTIAGO,FOOD
COMPRA LIDER CHILE,FOOD
PAGO LIDER SANTIAGO,FOOD
COMPRA LIDER SANTIAGO,FOOD
COMPRA LO SALDES SPA,FOOD
COMPRA NACIONAL LO SALDES LAS CONDES,FOOD
TEF A LO SALDES CHILE,FOOD
LO SALDES SANTIAGO,FOOD
LO SALDES,FOOD
TEF A MC DONALDS SPA,FOOD
MC DONALDS,FOOD
TEF A MC DONALDS PROVIDENCIA,FOOD
COMPRA NACIONAL MC DONALDS SPA,FOOD
PAGO MC DONALDS SANTIAGO,FOOD
COMPRA NACIONAL MCDONALDS,FOOD
TEF A MCDONALDS,FOOD
COMPRA NACIONAL MCDONALDS LAS CONDES,FOOD
MCDONALDS,FOOD
PAGO MCDONALDS PROVIDENCIA,FOOD
PAGO OK MARKET CHILE,FOOD
PAGO OK MARKET PROVIDENCIA,FOOD
OK MARKET PROVIDENCIA,FOOD
COMPRA NACIONAL OK MARKET LAS CONDES,FOOD
COMPRA NACIONAL OXXO LAS CONDES,FOOD
OXXO SPA,FOOD
OXXO CHILE,FOOD
TEF A OXXO CHILE,FOOD
TEF A PANADERIA SPA,FOOD
TEF A PANADERIA CHILE,FOOD
PANADERIA,FOOD
COMPRA PANADERIA PROVIDENCIA,FOOD
PANADERIA LAS CONDES,FOOD
PAPA JOHNS LAS CONDES,FOOD
PAPA JOHNS PROVIDENCIA,FOOD
TEF A PAPA JOHNS LAS CONDES,FOOD
TEF A PAPA JOHNS SANTIAGO,FOOD
PAPA JOHNS,FOOD
PEDIDOS YA CHILE,FOOD
COMPRA PEDIDOS YA,FOOD
COMPRA PEDIDOS YA SPA,FOOD
PEDIDOS YA,FOOD
COMPRA NACIONAL PEDIDOS YA LAS CONDES,FOOD
PAGO PEDIDOSYA PROVIDENCIA,FOOD
TEF A PEDIDOSYA CHILE,FOOD
PAGO PEDIDOSYA LAS CONDES,FOOD
TEF A PEDIDOSYA SANTIAGO,FOOD
TEF A PEDRO JUAN Y DIEGO SPA,FOOD
PAGO PEDRO JUAN Y DIEGO,FOOD
TEF A PEDRO JUAN Y DIEGO,FOOD
COMPRA NACIONAL PIZZA HUT PROVIDENCIA,FOOD
PAGO PIZZA HUT,FOOD
PAGO PIZZA HUT SPA,FOOD
PIZZA HUT,FOOD
TEF A PIZZA HUT SANTIAGO,FOOD
COMPRA NACIONAL PIZZERIA SANTIAGO,FOOD
PAGO PIZZERIA SPA,FOOD
COMPRA PIZZERIA PROVIDENCIA,FOOD
PIZZERIA,FOOD
TEF A PIZZERIA SPA,FOOD
TEF A RAPPI LAS CONDES,FOOD
PAGO RAPPI SANTIAGO,FOOD
RAPPI PROVIDENCIA,FOOD
TEF A RESTAURANT,FOOD
PAGO RESTAURANT,FOOD
PAGO RESTAURANT PROVIDENCIA,FOOD
RESTAURANT,FOOD
COMPRA NACIONAL RESTAURANT CHILE,FOOD
RESTAURANTE,FOOD
COMPRA RESTAURANTE SANTIAGO,FOOD
RESTAURANTE PROVIDENCIA,FOOD
RESTAURANTE CHILE,FOOD
PAGO RESTAURANTE LAS CONDES,FOOD
PAGO SAN CAMILO CHILE,FOOD
SAN CAMILO,FOOD
TEF A SAN CAMILO,FOOD
COMPRA SAN CAMILO CHILE,FOOD
TEF A SAN CAMILO SPA,FOOD
SANGUCHERIA,FOOD
TEF A SANGUCHERIA SANTIAGO,FOOD
COMPRA NACIONAL SANGUCHERIA,FOOD
COMPRA SANGUCHERIA SANTIAGO,FOOD
COMPRA NACIONAL SANGUCHERIA SANTIAGO,FOOD
COMPRA NACIONAL SANTA ISABEL PROVIDENCIA,FOOD
TEF A SANTA ISABEL PROVIDENCIA,FOOD
COMPRA SANTA ISABEL LAS CONDES,FOOD
COMPRA NACIONAL SANTA ISABEL SANTIAGO,FOOD
SCHOPDOG,FOOD
PAGO SCHOPDOG LAS CONDES,FOOD
TEF A SCHOPDOG SANTIAGO,FOOD
COMPRA SCHOPDOG PROVIDENCIA,FOOD
TEF A SCHOPDOG LAS CONDES,FOOD
COMPRA NACIONAL STARBUCKS CHILE,FOOD
TEF A STARBUCKS LAS CONDES,FOOD
COMPRA STARBUCKS SANTIAGO,FOOD
COMPRA NACIONAL STARBUCKS PROVIDENCIA,FOOD
STARBUCKS,FOOD
TEF A SUBWAY SANTIAGO,FOOD
SUBWAY,FOOD
TEF A SUBWAY,FOOD
PAGO SUBWAY,FOOD
COMPRA NACIONAL SUBWAY PROVIDENCIA,FOOD
TEF A SUPERMERCADO,FOOD
COMPRA SUPERMERCADO PROVIDENCIA,FOOD
PAGO SUPERMERCADO,FOOD
COMPRA NACIONAL SUPERMERCADO CHILE,FOOD
SUPERMERCADO,FOOD
SUSHI SANTIAGO,FOOD
SUSHI LAS CONDES,FOOD
COMPRA SUSHI LAS CONDES,FOOD
COMPRA NACIONAL SUSHI PROVIDENCIA,FOOD
SUSHI,FOOD
COMPRA TARRAGONA LAS CONDES,FOOD
TARRAGONA LAS CONDES,FOOD
TEF A TARRAGONA PROVIDENCIA,FOOD
TARRAGONA PROVIDENCIA,FOOD
PAGO TOTTUS LAS CONDES,FOOD
COMPRA TOTTUS,FOOD
PAGO TOTTUS,FOOD
PAGO TOTTUS SANTIAGO,FOOD
TEF A UBER EATS,FOOD
COMPRA UBER EATS SPA,FOOD
PAGO UBER EATS SANTIAGO,FOOD
COMPRA NACIONAL UBER EATS LAS CONDES,FOOD
UBER EATS,FOOD
UBEREATS,FOOD
PAGO UBEREATS SANTIAGO,FOOD
COMPRA UBEREATS CHILE,FOOD
TEF A UBEREATS CHILE,FOOD
COMPRA NACIONAL UBEREATS,FOOD
TEF A UNIMARC LAS CONDES,FOOD
UNIMARC SANTIAGO,FOOD
PAGO UNIMARC,FOOD
COMPRA NACIONAL VERDULERIA CHILE,FOOD
VERDULERIA,FOOD
TEF A VERDULERIA CHILE,FOOD
TEF A VERDULERIA,FOOD
COMPRA VERDULERIA SPA,FOOD
COMPRA WENDYS PROVIDENCIA,FOOD
WENDYS,FOOD
TEF A WENDYS PROVIDENCIA,FOOD
COMPRA NACIONAL WENDYS,FOOD
COMPRA WENDYS CHILE,FOOD
TEF A ACHS CHILE,HEALTH
ACHS,HEALTH
ACHS CHILE,HEALTH
PAGO ACHS,HEALTH
COMPRA NACIONAL ACHS SANTIAGO,HEALTH
TEF A AHUMADA CHILE,HEALTH
COMPRA NACIONAL AHUMADA LAS CONDES,HEALTH
AHUMADA SPA,HEALTH
AHUMADA,HEALTH
TEF A AHUMADA,HEALTH
BANMEDICA,HEALTH
COMPRA BANMEDICA SPA,HEALTH
PAGO BANMEDICA SPA,HEALTH
COMPRA NACIONAL BANMEDICA PROVIDENCIA,HEALTH
BANMEDICA PROVIDENCIA,HEALTH
BONO FONASA,HEALTH
PAGO BONO FONASA SANTIAGO,HEALTH
BONO FONASA PROVIDENCIA,HEALTH
BONO FONASA CHILE,HEALTH
TEF A BONO FONASA PROVIDENCIA,HEALTH
COMPRA NACIONAL CLINICA SPA,HEALTH
COMPRA CLINICA SANTIAGO,HEALTH
CLINICA,HEALTH
CLINICA SPA,HEALTH
COMPRA CLINICA SPA,HEALTH
COMPRA NACIONAL CLINICA ALEMANA,HEALTH
PAGO CLINICA ALEMANA SANTIAGO,HEALTH
CLINICA ALEMANA PROVIDENCIA,HEALTH
CLINICA ALEMANA,HEALTH
CLINICA ALEMANA SANTIAGO,HEALTH
COMPRA NACIONAL CLINICA DAVILA CHILE,HEALTH
PAGO CLINICA DAVILA CHILE,HEALTH
CLINICA DAVILA,HEALTH
CLINICA DAVILA SPA,HEALTH
COMPRA NACIONAL CLINICA DAVILA PROVIDENCIA,HEALTH
CLINICA LAS CONDES,HEALTH
PAGO CLINICA LAS CONDES,HEALTH
COMPRA CLINICA LAS CONDES PROVIDENCIA,HEALTH
PAGO CLINICA LAS CONDES PROVIDENCIA,HEALTH
CLINICA LAS CONDES PROVIDENCIA,HEALTH
COMPRA NACIONAL CLINICA SANTA MARIA LAS CONDES,HEALTH
CLINICA SANTA MARIA,HEALTH
COMPRA NACIONAL CLINICA SANTA MARIA PROVIDENCIA,HEALTH
COMPRA NACIONAL CLINICA SANTA MARIA SPA,HEALTH
PAGO CLINICA SANTA MARIA SANTIAGO,HEALTH
TEF A COLMENA PROVIDENCIA,HEALTH
COMPRA NACIONAL COLMENA,HEALTH
COLMENA,HEALTH
COMPRA NACIONAL COLMENA CHILE,HEALTH
COLMENA SPA,HEALTH
PAGO CONSALUD SPA,HEALTH
COMPRA NACIONAL CONSALUD CHILE,HEALTH
PAGO CONSALUD PROVIDENCIA,HEALTH
COMPRA CONSALUD CHILE,HEALTH
CONSALUD,HEALTH
COMPRA NACIONAL CONSULTA MEDICA,HEALTH
PAGO CONSULTA MEDICA CHILE,HEALTH
COMPRA NACIONAL CONSULTA MEDICA PROVIDENCIA,HEALTH
COMPRA NACIONAL CONSULTA MEDICA SANTIAGO,HEALTH
CONSULTA MEDICA,HEALTH
TEF A CRUZ VERDE SPA,HEALTH
COMPRA CRUZ VERDE,HEALTH
COMPRA CRUZ VERDE CHILE,HEALTH
COMPRA NACIONAL CRUZ VERDE PROVIDENCIA,HEALTH
DENTAL,HEALTH
COMPRA NACIONAL DENTAL,HEALTH
COMPRA DENTAL SPA,HEALTH
PAGO DENTAL PROVIDENCIA,HEALTH
COMPRA DENTAL,HEALTH
DENTISTA,HEALTH
DENTISTA CHILE,HEALTH
COMPRA DENTISTA SPA,HEALTH
COMPRA NACIONAL DENTISTA PROVIDENCIA,HEALTH
COMPRA NACIONAL DENTISTA CHILE,HEALTH
PAGO DOCTOR SPA,HEALTH
PAGO DOCTOR LAS CONDES,HEALTH
DOCTOR CHILE,HEALTH
COMPRA DOCTOR CHILE,HEALTH
DOCTOR,HEALTH
COMPRA DOCTOR SIMI LAS CONDES,HEALTH
DOCTOR SIMI,HEALTH
PAGO DOCTOR SIMI SANTIAGO,HEALTH
TEF A DOCTOR SIMI LAS CONDES,HEALTH
TEF A DOCTOR SIMI,HEALTH
FARMACIA,HEALTH
PAGO FARMACIA PROVIDENCIA,HEALTH
FARMACIA SANTIAGO,HEALTH
COMPRA NACIONAL FARMACIA SANTIAGO,HEALTH
TEF A FARMACIA PROVIDENCIA,HEALTH
COMPRA NACIONAL FARMACIA POPULAR,HEALTH
FARMACIA POPULAR,HEALTH
COMPRA FARMACIA POPULAR SPA,HEALTH
PAGO FARMACIA POPULAR SPA,HEALTH
FARMACIA POPULAR LAS CONDES,HEALTH
FARMACIA SIMI,HEALTH
TEF A FARMACIA SIMI PROVIDENCIA,HEALTH
PAGO FARMACIA SIMI SPA,HEALTH
FARMACIA SIMI CHILE,HEALTH
PAGO FARMACIA SIMI SANTIAGO,HEALTH
FARMACIAS KNOP SANTIAGO,HEALTH
FARMACIAS KNOP,HEALTH
COMPRA FARMACIAS KNOP SANTIAGO,HEALTH
COMPRA FARMACIAS KNOP PROVIDENCIA,HEALTH
TEF A FARMACIAS KNOP SANTIAGO,HEALTH
COMPRA NACIONAL FONASA,HEALTH
COMPRA NACIONAL FONASA CHILE,HEALTH
PAGO FONASA CHILE,HEALTH
TEF A FONASA PROVIDENCIA,HEALTH
FONASA,HEALTH
PAGO HOSPITAL LAS CONDES,HEALTH
COMPRA NACIONAL HOSPITAL CHILE,HEALTH
COMPRA NACIONAL HOSPITAL LAS CONDES,HEALTH
HOSPITAL,HEALTH
COMPRA HOSPITAL CHILE,HEALTH
TEF A ISAPRE,HEALTH
ISAPRE,HEALTH
COMPRA ISAPRE PROVIDENCIA,HEALTH
COMPRA NACIONAL ISAPRE SPA,HEALTH
ISAPRE LAS CONDES,HEALTH
COMPRA LABORATORIO LAS CONDES,HEALTH
LABORATORIO,HEALTH
COMPRA LABORATORIO CHILE,HEALTH
TEF A LABORATORIO SANTIAGO,HEALTH
TEF A LABORATORIO PROVIDENCIA,HEALTH
TEF A MEDICO,HEALTH
COMPRA MEDICO PROVIDENCIA,HEALTH
MEDICO,HEALTH
COMPRA MEDICO SANTIAGO,HEALTH
MEDICO CHILE,HEALTH
MEDS PROVIDENCIA,HEALTH
TEF A MEDS PROVIDENCIA,HEALTH
PAGO MEDS SPA,HEALTH
COMPRA MEDS PROVIDENCIA,HEALTH
MEDS,HEALTH
PAGO MUTUAL CHILE,HEALTH
COMPRA MUTUAL SPA,HEALTH
TEF A MUTUAL PROVIDENCIA,HEALTH
MUTUAL,HEALTH
TEF A MUTUAL,HEALTH
COMPRA REMEDIOS CHILE,HEALTH
TEF A REMEDIOS SPA,HEALTH
COMPRA REMEDIOS SPA,HEALTH
REMEDIOS,HEALTH
TEF A REMEDIOS SANTIAGO,HEALTH
TEF A SALCOBRAND SPA,HEALTH
TEF A SALCOBRAND,HEALTH
TEF A SALCOBRAND PROVIDENCIA,HEALTH
TEF A VIDA TRES PROVIDENCIA,HEALTH
COMPRA NACIONAL VIDA TRES CHILE,HEALTH
COMPRA VIDA TRES CHILE,HEALTH
VIDA TRES LAS CONDES,HEALTH
VIDA TRES,HEALTH
TEF A ADMINISTRACION EDIFICIO PROVIDENCIA,HOUSING
COMPRA ADMINISTRACION EDIFICIO SPA,HOUSING
ADMINISTRACION EDIFICIO,HOUSING
COMPRA NACIONAL ADMINISTRACION EDIFICIO PROVIDENCIA,HOUSING
PAGO ADMINISTRACION EDIFICIO LAS CONDES,HOUSING
ALQUILER,HOUSING
ALQUILER SANTIAGO,HOUSING
COMPRA NACIONAL ALQUILER LAS CONDES,HOUSING
COMPRA ALQUILER PROVIDENCIA,HOUSING
COMPRA NACIONAL ALQUILER,HOUSING
COMPRA ARRIENDO PROVIDENCIA,HOUSING
TEF A ARRIENDO SANTIAGO,HOUSING
PAGO ARRIENDO LAS CONDES,HOUSING
PAGO ARRIENDO SPA,HOUSING
ARRIENDO,HOUSING
CONDOMINIO,HOUSING
TEF A CONDOMINIO CHILE,HOUSING
CONDOMINIO PROVIDENCIA,HOUSING
COMPRA NACIONAL CONDOMINIO SANTIAGO,HOUSING
COMPRA CONDOMINIO LAS CONDES,HOUSING
CONSERJE PROVIDENCIA,HOUSING
CONSERJE,HOUSING
COMPRA CONSERJE,HOUSING
COMPRA NACIONAL CONSERJE SANTIAGO,HOUSING
COMPRA NACIONAL CONSERJE CHILE,HOUSING
TEF A CONTRIBUCIONES SPA,HOUSING
COMPRA CONTRIBUCIONES PROVIDENCIA,HOUSING
COMPRA CONTRIBUCIONES LAS CONDES,HOUSING
CONTRIBUCIONES,HOUSING
PAGO CONTRIBUCIONES SANTIAGO,HOUSING
TEF A CORREDOR LAS CONDES,HOUSING
CORREDOR,HOUSING
COMPRA NACIONAL CORREDOR,HOUSING
COMPRA NACIONAL CORREDOR PROVIDENCIA,HOUSING
CORREDOR LAS CONDES,HOUSING
TEF A DIVIDENDO LAS CONDES,HOUSING
PAGO DIVIDENDO LAS CONDES,HOUSING
DIVIDENDO,HOUSING
TEF A DIVIDENDO PROVIDENCIA,HOUSING
COMPRA DIVIDENDO SANTIAGO,HOUSING
EDIFICIO,HOUSING
COMPRA NACIONAL EDIFICIO PROVIDENCIA,HOUSING
EDIFICIO LAS CONDES,HOUSING
TEF A EDIFICIO SPA,HOUSING
TEF A EDIFICIO,HOUSING
COMPRA GASTO COMUN PROVIDENCIA,HOUSING
PAGO GASTO COMUN,HOUSING
COMPRA NACIONAL GASTO COMUN,HOUSING
PAGO GASTO COMUN LAS CONDES,HOUSING
GASTO COMUN,HOUSING
TEF A GASTOS COMUNES CHILE,HOUSING
TEF A GASTOS COMUNES PROVIDENCIA,HOUSING
GASTOS COMUNES,HOUSING
COMPRA GASTOS COMUNES PROVIDENCIA,HOUSING
GASTOS COMUNES LAS CONDES,HOUSING
TEF A GGCC SPA,HOUSING
TEF A GGCC PROVIDENCIA,HOUSING
GGCC,HOUSING
TEF A GGCC,HOUSING
TEF A GGCC LAS CONDES,HOUSING
COMPRA NACIONAL HIPOTECARIO PROVIDENCIA,HOUSING
HIPOTECARIO,HOUSING
COMPRA HIPOTECARIO,HOUSING
PAGO HIPOTECARIO CHILE,HOUSING
PAGO HIPOTECARIO SANTIAGO,HOUSING
INMOBILIARIA,HOUSING
COMPRA INMOBILIARIA SPA,HOUSING
TEF A INMOBILIARIA LAS CONDES,HOUSING
COMPRA INMOBILIARIA CHILE,HOUSING
TEF A INMOBILIARIA,HOUSING
TEF A MUDANZA LAS CONDES,HOUSING
PAGO MUDANZA LAS CONDES,HOUSING
MUDANZA,HOUSING
COMPRA MUDANZA CHILE,HOUSING
TEF A MUDANZA SANTIAGO,HOUSING
TEF A PAGO DEPARTAMENTO CHILE,HOUSING
PAGO PAGO DEPARTAMENTO SANTIAGO,HOUSING
PAGO DEPARTAMENTO,HOUSING
COMPRA NACIONAL PAGO DEPARTAMENTO CHILE,HOUSING
PAGO PAGO DEPARTAMENTO CHILE,HOUSING
COMPRA NACIONAL PORTALINMOBILIARIO,HOUSING
PAGO PORTALINMOBILIARIO PROVIDENCIA,HOUSING
PORTALINMOBILIARIO,HOUSING
COMPRA NACIONAL PORTALINMOBILIARIO SPA,HOUSING
TEF A PORTALINMOBILIARIO PROVIDENCIA,HOUSING
DEPOSITO A PLAZO LAS CONDES,INVESTMENT
TEF A DEPOSITO A PLAZO PROVIDENCIA,INVESTMENT
DEPOSITO A PLAZO CHILE,INVESTMENT
DEPOSITO A PLAZO,INVESTMENT
COMPRA NACIONAL DEPOSITO A PLAZO PROVIDENCIA,INVESTMENT
COMPRA NACIONAL FINTUAL SANTIAGO,INVESTMENT
FINTUAL CHILE,INVESTMENT
COMPRA FINTUAL SPA,INVESTMENT
TEF A FINTUAL CHILE,INVESTMENT
TEF A FONDO MUTUO LAS CONDES,INVESTMENT
COMPRA FONDO MUTUO SPA,INVESTMENT
TEF A FONDO MUTUO SPA,INVESTMENT
FONDO MUTUO,INVESTMENT
COMPRA FONDO MUTUO,INVESTMENT
DEVOLUCION,OTHER_INCOME
DEVOLUCION LAS CONDES,OTHER_INCOME
TEF A DEVOLUCION SPA,OTHER_INCOME
DEVOLUCION SANTIAGO,OTHER_INCOME
PAGO DEVOLUCION LAS CONDES,OTHER_INCOME
TEF A REEMBOLSO CHILE,OTHER_INCOME
COMPRA REEMBOLSO LAS CONDES,OTHER_INCOME
COMPRA NACIONAL REEMBOLSO SPA,OTHER_INCOME
REEMBOLSO,OTHER_INCOME
REEMBOLSO SPA,OTHER_INCOME
COMPRA NACIONAL TGR PROVIDENCIA,OTHER_INCOME
TGR,OTHER_INCOME
PAGO TGR SPA,OTHER_INCOME
COMPRA TGR CHILE,OTHER_INCOME
COMPRA NACIONAL TGR CHILE,OTHER_INCOME
COMPRA NACIONAL TRANSFERENCIA SANTIAGO,OTHER_INCOME
PAGO TRANSFERENCIA CHILE,OTHER_INCOME
TRANSFERENCIA,OTHER_INCOME
TEF A TRANSFERENCIA PROVIDENCIA,OTHER_INCOME
COMPRA TRANSFERENCIA LAS CONDES,OTHER_INCOME
AGUINALDO,SALARY
TEF A AGUINALDO PROVIDENCIA,SALARY
COMPRA AGUINALDO SPA,SALARY
COMPRA AGUINALDO PROVIDENCIA,SALARY
PAGO AGUINALDO SPA,SALARY
PAGO ANTICIPO PROVIDENCIA,SALARY
TEF A ANTICIPO SPA,SALARY
ANTICIPO CHILE,SALARY
ANTICIPO,SALARY
COMPRA NACIONAL ANTICIPO PROVIDENCIA,SALARY
COMPRA NACIONAL BOLETA PROVIDENCIA,SALARY
TEF A BOLETA LAS CONDES,SALARY
BOLETA,SALARY
BOLETA PROVIDENCIA,SALARY
COMPRA BOLETA PROVIDENCIA,SALARY
COMPRA NACIONAL FINIQUITO SANTIAGO,SALARY
FINIQUITO PROVIDENCIA,SALARY
FINIQUITO,SALARY
COMPRA NACIONAL FINIQUITO SPA,SALARY
PAGO FINIQUITO SPA,SALARY
HONORARIO,SALARY
PAGO HONORARIO SANTIAGO,SALARY
PAGO HONORARIO CHILE,SALARY
COMPRA HONORARIO CHILE,SALARY
HONORARIO CHILE,SALARY
HONORARIOS,SALARY
PAGO HONORARIOS SPA,SALARY
HONORARIOS LAS CONDES,SALARY
COMPRA HONORARIOS,SALARY
TEF A HONORARIOS SANTIAGO,SALARY
TEF A LIQUIDACION SUELDO SANTIAGO,SALARY
COMPRA LIQUIDACION SUELDO,SALARY
COMPRA NACIONAL LIQUIDACION SUELDO SPA,SALARY
COMPRA NACIONAL LIQUIDACION SUELDO,SALARY
LIQUIDACION SUELDO,SALARY
COMPRA NOMINA PROVIDENCIA,SALARY
TEF A NOMINA SANTIAGO,SALARY
NOMINA,SALARY
PAGO NOMINA PROVIDENCIA,SALARY
COMPRA NACIONAL NOMINA LAS CONDES,SALARY
TEF A PENSION SPA,SALARY
COMPRA NACIONAL PENSION SANTIAGO,SALARY
PENSION,SALARY
PENSION LAS CONDES,SALARY
PENSION SANTIAGO,SALARY
REMUNERACION PROVIDENCIA,SALARY
REMUNERACION,SALARY
TEF A REMUNERACION CHILE,SALARY
PAGO REMUNERACION,SALARY
COMPRA NACIONAL REMUNERACION SANTIAGO,SALARY
REMUNERACIONES,SALARY
COMPRA NACIONAL REMUNERACIONES SANTIAGO,SALARY
TEF A REMUNERACIONES CHILE,SALARY
PAGO REMUNERACIONES LAS CONDES,SALARY
REMUNERACIONES PROVIDENCIA,SALARY
SALARIO,SALARY
TEF A SALARIO LAS CONDES,SALARY
PAGO SALARIO SANTIAGO,SALARY
SALARIO PROVIDENCIA,SALARY
COMPRA SALARIO SPA,SALARY
PAGO SUELDO SPA,SALARY
COMPRA NACIONAL SUELDO SPA,SALARY
COMPRA SUELDO,SALARY
PAGO SUELDO PROVIDENCIA,SALARY
SUELDO,SALARY
TEF A AHORRO SPA,SAVINGS
TEF A AHORRO PROVIDENCIA,SAVINGS
COMPRA NACIONAL AHORRO LAS CONDES,SAVINGS
AHORRO,SAVINGS
COMPRA AHORRO SANTIAGO,SAVINGS
APV LAS CONDES,SAVINGS
COMPRA APV LAS CONDES,SAVINGS
APV SANTIAGO,SAVINGS
PAGO APV SANTIAGO,SAVINGS
APV,SAVINGS
CUENTA DE AHORRO PROVIDENCIA,SAVINGS
COMPRA NACIONAL CUENTA DE AHORRO PROVIDENCIA,SAVINGS
CUENTA DE AHORRO,SAVINGS
PAGO CUENTA DE AHORRO PROVIDENCIA,SAVINGS
COMPRA NACIONAL CUENTA DE AHORRO SANTIAGO,SAVINGS
ALIEXPRESS,SHOPPING
TEF A ALIEXPRESS SPA,SHOPPING
PAGO ALIEXPRESS SPA,SHOPPING
COMPRA ALIEXPRESS,SHOPPING
TEF A ALIEXPRESS,SHOPPING
PAGO ALTO LAS CONDES SANTIAGO,SHOPPING
ALTO LAS CONDES,SHOPPING
ALTO LAS CONDES LAS CONDES,SHOPPING
COMPRA NACIONAL ALTO LAS CONDES SPA,SHOPPING
TEF A ALTO LAS CONDES SPA,SHOPPING
AMAZON,SHOPPING
PAGO AMAZON SPA,SHOPPING
AMAZON SPA,SHOPPING
PAGO AMAZON PROVIDENCIA,SHOPPING
TEF A AMAZON SANTIAGO,SHOPPING
COMPRA NACIONAL AUTOPLANET SPA,SHOPPING
AUTOPLANET,SHOPPING
COMPRA AUTOPLANET SANTIAGO,SHOPPING
TEF A AUTOPLANET PROVIDENCIA,SHOPPING
COMPRA NACIONAL AUTOPLANET SANTIAGO,SHOPPING
COMPRA NACIONAL CHILEMAT SPA,SHOPPING
TEF A CHILEMAT SPA,SHOPPING
TEF A CHILEMAT LAS CONDES,SHOPPING
COMPRA CHILEMAT SANTIAGO,SHOPPING
TEF A CONSTRUMART,SHOPPING
PAGO CONSTRUMART,SHOPPING
TEF A CORONA SANTIAGO,SHOPPING
CORONA CHILE,SHOPPING
TEF A CORONA,SHOPPING
TEF A CORONA CHILE,SHOPPING
COMPRA COSTANERA CENTER SANTIAGO,SHOPPING
COMPRA NACIONAL COSTANERA CENTER,SHOPPING
PAGO COSTANERA CENTER CHILE,SHOPPING
COSTANERA CENTER,SHOPPING
COMPRA COSTANERA CENTER SPA,SHOPPING
DECATHLON CHILE,SHOPPING
TEF A DECATHLON LAS CONDES,SHOPPING
COMPRA NACIONAL DECATHLON,SHOPPING
COMPRA NACIONAL DECATHLON SANTIAGO,SHOPPING
DECATHLON,SHOPPING
COMPRA NACIONAL DOITE SPA,SHOPPING
COMPRA NACIONAL DOITE CHILE,SHOPPING
TEF A DOITE LAS CONDES,SHOPPING
DOITE,SHOPPING
DOITE CHILE,SHOPPING
PAGO EASY SPA,SHOPPING
COMPRA EASY CHILE,SHOPPING
PAGO EASY,SHOPPING
PAGO FALABELLA LAS CONDES,SHOPPING
FALABELLA CHILE,SHOPPING
COMPRA NACIONAL FALABELLA,SHOPPING
FERRETERIA,SHOPPING
COMPRA NACIONAL FERRETERIA LAS CONDES,SHOPPING
COMPRA NACIONAL FERRETERIA PROVIDENCIA,SHOPPING
FERRETERIA SPA,SHOPPING
COMPRA FERRETERIA SANTIAGO,SHOPPING
FOREVER,SHOPPING
TEF A FOREVER SANTIAGO,SHOPPING
PAGO FOREVER,SHOPPING
COMPRA NACIONAL FOREVER CHILE,SHOPPING
COMPRA FOREVER CHILE,SHOPPING
COMPRA NACIONAL H M SPA,SHOPPING
COMPRA H M SPA,SHOPPING
COMPRA H M,SHOPPING
COMPRA HITES SANTIAGO,SHOPPING
COMPRA NACIONAL HITES PROVIDENCIA,SHOPPING
COMPRA HITES PROVIDENCIA,SHOPPING
HOMECENTER,SHOPPING
COMPRA HOMECENTER SPA,SHOPPING
HOMECENTER SANTIAGO,SHOPPING
COMPRA HOMECENTER,SHOPPING
COMPRA NACIONAL HOMECENTER CHILE,SHOPPING
IKEA LAS CONDES,SHOPPING
TEF A IKEA SPA,SHOPPING
IKEA CHILE,SHOPPING
IKEA,SHOPPING
IKEA SANTIAGO,SHOPPING
COMPRA NACIONAL IMPERIAL SANTIAGO,SHOPPING
IMPERIAL SANTIAGO,SHOPPING
COMPRA LA POLAR SPA,SHOPPING
PAGO LA POLAR SANTIAGO,SHOPPING
TEF A LA POLAR PROVIDENCIA,SHOPPING
PAGO MALL,SHOPPING
COMPRA NACIONAL MALL PROVIDENCIA,SHOPPING
MALL,SHOPPING
TEF A MALL SANTIAGO,SHOPPING
PAGO MALL SANTIAGO,SHOPPING
COMPRA MALL CHINO SPA,SHOPPING
COMPRA NACIONAL MALL CHINO,SHOPPING
TEF A MALL CHINO CHILE,SHOPPING
COMPRA NACIONAL MALL CHINO CHILE,SHOPPING
MALL CHINO,SHOPPING
PAGO MALLPLAZA SPA,SHOPPING
COMPRA NACIONAL MALLPLAZA LAS CONDES,SHOPPING
MALLPLAZA,SHOPPING
COMPRA NACIONAL MALLPLAZA CHILE,SHOPPING
COMPRA MALLPLAZA PROVIDENCIA,SHOPPING
MERCADO LIBRE,SHOPPING
TEF A MERCADO LIBRE LAS CONDES,SHOPPING
COMPRA NACIONAL MERCADO LIBRE SANTIAGO,SHOPPING
PAGO MERCADO LIBRE SPA,SHOPPING
COMPRA MERCADO LIBRE SANTIAGO,SHOPPING
COMPRA NACIONAL MERCADOLIBRE LAS CONDES,SHOPPING
MERCADOLIBRE CHILE,SHOPPING
TEF A MERCADOLIBRE CHILE,SHOPPING
MERCADOLIBRE,SHOPPING
COMPRA MERCADOLIBRE LAS CONDES,SHOPPING
MTS LAS CONDES,SHOPPING
COMPRA MTS PROVIDENCIA,SHOPPING
PAGO MTS,SHOPPING
COMPRA MTS LAS CONDES,SHOPPING
PAGO OUTLET LAS CONDES,SHOPPING
OUTLET,SHOPPING
COMPRA OUTLET,SHOPPING
TEF A OUTLET CHILE,SHOPPING
TEF A OUTLET SPA,SHOPPING
PAGO PARIS PROVIDENCIA,SHOPPING
COMPRA PARIS CHILE,SHOPPING
TEF A PARIS SANTIAGO,SHOPPING
COMPRA NACIONAL PARIS SANTIAGO,SHOPPING
PARQUE ARAUCO SPA,SHOPPING
PARQUE ARAUCO,SHOPPING
COMPRA NACIONAL PARQUE ARAUCO SANTIAGO,SHOPPING
COMPRA PARQUE ARAUCO SPA,SHOPPING
PARQUE ARAUCO SANTIAGO,SHOPPING
PAGO PC FACTORY PROVIDENCIA,SHOPPING
COMPRA PC FACTORY LAS CONDES,SHOPPING
TEF A PC FACTORY SPA,SHOPPING
PCFACTORY,SHOPPING
TEF A PCFACTORY SPA,SHOPPING
COMPRA NACIONAL PCFACTORY LAS CONDES,SHOPPING
TEF A PCFACTORY LAS CONDES,SHOPPING
PAGO PCFACTORY PROVIDENCIA,SHOPPING
PAGO RIPLEY LAS CONDES,SHOPPING
COMPRA NACIONAL RIPLEY PROVIDENCIA,SHOPPING
COMPRA NACIONAL RIPLEY,SHOPPING
COMPRA RIPLEY PROVIDENCIA,SHOPPING
SHEIN CHILE,SHOPPING
COMPRA SHEIN SPA,SHOPPING
COMPRA SHEIN,SHOPPING
PAGO SHEIN CHILE,SHOPPING
SHEIN,SHOPPING
PAGO SODIMAC SANTIAGO,SHOPPING
COMPRA SODIMAC SANTIAGO,SHOPPING
COMPRA NACIONAL SODIMAC PROVIDENCIA,SHOPPING
TEF A SODIMAC CHILE,SHOPPING
COMPRA NACIONAL SPARTA CHILE,SHOPPING
PAGO SPARTA PROVIDENCIA,SHOPPING
COMPRA SPARTA LAS CONDES,SHOPPING
SPARTA,SHOPPING
TEF A SPARTA SPA,SHOPPING
COMPRA TIENDA SPA,SHOPPING
TIENDA,SHOPPING
PAGO TIENDA SANTIAGO,SHOPPING
COMPRA NACIONAL TIENDA SPA,SHOPPING
COMPRA NACIONAL TIENDA LAS CONDES,SHOPPING
TRICOT CHILE,SHOPPING
TEF A TRICOT LAS CONDES,SHOPPING
COMPRA NACIONAL ZARA PROVIDENCIA,SHOPPING
COMPRA NACIONAL ZARA SANTIAGO,SHOPPING
COMPRA ZARA CHILE,SHOPPING
COMPRA ZARA,SHOPPING
COMPRA NACIONAL AUTOPISTA,TRANSPORT
TEF A AUTOPISTA SPA,TRANSPORT
AUTOPISTA CHILE,TRANSPORT
TEF A AUTOPISTA LAS CONDES,TRANSPORT
COMPRA NACIONAL AUTOPISTA CENTRAL SANTIAGO,TRANSPORT
TEF A AUTOPISTA CENTRAL SPA,TRANSPORT
PAGO AUTOPISTA CENTRAL CHILE,TRANSPORT
PAGO AUTOPISTA CENTRAL,TRANSPORT
AUTOPISTA CENTRAL,TRANSPORT
AUTOPISTA DEL SOL,TRANSPORT
TEF A AUTOPISTA DEL SOL CHILE,TRANSPORT
TEF A AUTOPISTA DEL SOL SANTIAGO,TRANSPORT
PAGO AUTOPISTA DEL SOL PROVIDENCIA,TRANSPORT
COMPRA AUTOPISTA DEL SOL SANTIAGO,TRANSPORT
BEAT PROVIDENCIA,TRANSPORT
PAGO BEAT LAS CONDES,TRANSPORT
BEAT,TRANSPORT
COMPRA NACIONAL BEAT LAS CONDES,TRANSPORT
TEF A BEAT SANTIAGO,TRANSPORT
COMPRA NACIONAL BENCINA CHILE,TRANSPORT
COMPRA NACIONAL BENCINA LAS CONDES,TRANSPORT
COMPRA BENCINA PROVIDENCIA,TRANSPORT
BENCINA SPA,TRANSPORT
BENCINA,TRANSPORT
COMPRA BIP,TRANSPORT
BIP SPA,TRANSPORT
COMPRA NACIONAL BIP LAS CONDES,TRANSPORT
COMPRA NACIONAL BIP,TRANSPORT
BIP,TRANSPORT
BUS,TRANSPORT
PAGO BUS CHILE,TRANSPORT
COMPRA BUS SPA,TRANSPORT
BUS CHILE,TRANSPORT
BUS SANTIAGO,TRANSPORT
TEF A CABIFY LAS CONDES,TRANSPORT
CABIFY SPA,TRANSPORT
PAGO CABIFY,TRANSPORT
PAGO CABIFY CHILE,TRANSPORT
PAGO COLECTIVO,TRANSPORT
COLECTIVO,TRANSPORT
COLECTIVO SANTIAGO,TRANSPORT
COMPRA COLECTIVO CHILE,TRANSPORT
TEF A COLECTIVO SPA,TRANSPORT
TEF A COPEC SANTIAGO,TRANSPORT
COMPRA NACIONAL COPEC,TRANSPORT
PAGO COPEC SANTIAGO,TRANSPORT
COMPRA COPEC SPA,TRANSPORT
TEF A DIDI PROVIDENCIA,TRANSPORT
TEF A DIDI LAS CONDES,TRANSPORT
COMPRA DIDI SPA,TRANSPORT
EFE CHILE,TRANSPORT
PAGO EFE,TRANSPORT
COMPRA EFE,TRANSPORT
EFE LAS CONDES,TRANSPORT
EFE,TRANSPORT
TEF A ENEX CHILE,TRANSPORT
ENEX SPA,TRANSPORT
COMPRA NACIONAL ENEX PROVIDENCIA,TRANSPORT
ENEX,TRANSPORT
PAGO ENEX CHILE,TRANSPORT
COMPRA NACIONAL ESTACIONAMIENTO LAS CONDES,TRANSPORT
ESTACIONAMIENTO,TRANSPORT
PAGO ESTACIONAMIENTO LAS CONDES,TRANSPORT
COMPRA NACIONAL ESTACIONAMIENTO SANTIAGO,TRANSPORT
PAGO ESTACIONAMIENTO CHILE,TRANSPORT
JETSMART,TRANSPORT
COMPRA NACIONAL JETSMART,TRANSPORT
TEF A JETSMART SPA,TRANSPORT
COMPRA JETSMART SPA,TRANSPORT
TEF A JETSMART PROVIDENCIA,TRANSPORT
LATAM,TRANSPORT
COMPRA NACIONAL LATAM SPA,TRANSPORT
PAGO LATAM SANTIAGO,TRANSPORT
COMPRA NACIONAL LATAM PROVIDENCIA,TRANSPORT
COMPRA LATAM SPA,TRANSPORT
PAGO METRO PROVIDENCIA,TRANSPORT
PAGO METRO LAS CONDES,TRANSPORT
METRO,TRANSPORT
METRO SANTIAGO,TRANSPORT
PAGO METRO,TRANSPORT
COMPRA NACIONAL MICRO LAS CONDES,TRANSPORT
TEF A MICRO CHILE,TRANSPORT
MICRO,TRANSPORT
TEF A MICRO LAS CONDES,TRANSPORT
MICRO SANTIAGO,TRANSPORT
TEF A PAGO TAG,TRANSPORT
TEF A PAGO TAG CHILE,TRANSPORT
PAGO TAG PROVIDENCIA,TRANSPORT
PAGO TAG,TRANSPORT
PAGO PAGO TAG LAS CONDES,TRANSPORT
PARKING PROVIDENCIA,TRANSPORT
PARKING,TRANSPORT
TEF A PARKING SANTIAGO,TRANSPORT
COMPRA NACIONAL PARKING LAS CONDES,TRANSPORT
PARKING SPA,TRANSPORT
COMPRA NACIONAL PASAJES SANTIAGO,TRANSPORT
TEF A PASAJES CHILE,TRANSPORT
PASAJES,TRANSPORT
COMPRA PASAJES PROVIDENCIA,TRANSPORT
COMPRA PASAJES SPA,TRANSPORT
COMPRA NACIONAL PEAJE PROVIDENCIA,TRANSPORT
PAGO PEAJE PROVIDENCIA,TRANSPORT
COMPRA NACIONAL PEAJE SANTIAGO,TRANSPORT
PEAJE SANTIAGO,TRANSPORT
PEAJE,TRANSPORT
COMPRA NACIONAL PETROBRAS PROVIDENCIA,TRANSPORT
COMPRA NACIONAL PETROBRAS,TRANSPORT
PAGO PETROBRAS PROVIDENCIA,TRANSPORT
COMPRA PETROBRAS SPA,TRANSPORT
COMPRA NACIONAL PRT CHILE,TRANSPORT
COMPRA NACIONAL PRT,TRANSPORT
TEF A PRT SANTIAGO,TRANSPORT
PRT,TRANSPORT
COMPRA PRT PROVIDENCIA,TRANSPORT
PULLMAN LAS CONDES,TRANSPORT
PULLMAN,TRANSPORT
PAGO PULLMAN CHILE,TRANSPORT
COMPRA NACIONAL PULLMAN SPA,TRANSPORT
COMPRA NACIONAL PULLMAN PROVIDENCIA,TRANSPORT
COMPRA RUTAS DEL MAIPO LAS CONDES,TRANSPORT
PAGO RUTAS DEL MAIPO PROVIDENCIA,TRANSPORT
RUTAS DEL MAIPO,TRANSPORT
TEF A RUTAS DEL MAIPO SPA,TRANSPORT
TEF A RUTAS DEL MAIPO SANTIAGO,TRANSPORT
PAGO SHELL SPA,TRANSPORT
COMPRA NACIONAL SHELL CHILE,TRANSPORT
PAGO SHELL SANTIAGO,TRANSPORT
COMPRA NACIONAL SHELL PROVIDENCIA,TRANSPORT
COMPRA SKY AIRLINE PROVIDENCIA,TRANSPORT
SKY AIRLINE CHILE,TRANSPORT
COMPRA SKY AIRLINE CHILE,TRANSPORT
COMPRA NACIONAL SKY AIRLINE PROVIDENCIA,TRANSPORT
SKY AIRLINE,TRANSPORT
TAG,TRANSPORT
COMPRA NACIONAL TAG SPA,TRANSPORT
TEF A TAG SANTIAGO,TRANSPORT
COMPRA TAG LAS CONDES,TRANSPORT
TEF A TAG,TRANSPORT
TRANSANTIAGO,TRANSPORT
TRANSANTIAGO LAS CONDES,TRANSPORT
PAGO TRANSANTIAGO SANTIAGO,TRANSPORT
PAGO TRANSANTIAGO SPA,TRANSPORT
COMPRA NACIONAL TRANSANTIAGO SANTIAGO,TRANSPORT
TREN,TRANSPORT
TREN LAS CONDES,TRANSPORT
PAGO TREN SPA,TRANSPORT
COMPRA TREN SPA,TRANSPORT
COMPRA NACIONAL TREN LAS CONDES,TRANSPORT
COMPRA NACIONAL TURBUS CHILE,TRANSPORT
TURBUS,TRANSPORT
TEF A TURBUS CHILE,TRANSPORT
TURBUS PROVIDENCIA,TRANSPORT
TEF A TURBUS LAS CONDES,TRANSPORT
TEF A UBER CHILE,TRANSPORT
COMPRA UBER SPA,TRANSPORT
TEF A UBER,TRANSPORT
PAGO UBER SANTIAGO,TRANSPORT
COMPRA NACIONAL ABASTIBLE PROVIDENCIA,UTILITIES
TEF A ABASTIBLE SPA,UTILITIES
PAGO ABASTIBLE SANTIAGO,UTILITIES
COMPRA NACIONAL ABASTIBLE,UTILITIES
TEF A AGUA SANTIAGO,UTILITIES
AGUA,UTILITIES
TEF A AGUA SPA,UTILITIES
TEF A AGUA CHILE,UTILITIES
COMPRA NACIONAL AGUA PROVIDENCIA,UTILITIES
COMPRA NACIONAL AGUAS ANDINAS LAS CONDES,UTILITIES
PAGO AGUAS ANDINAS,UTILITIES
TEF A AGUAS ANDINAS SANTIAGO,UTILITIES
PAGO AGUAS DEL VALLE LAS CONDES,UTILITIES
PAGO AGUAS DEL VALLE PROVIDENCIA,UTILITIES
COMPRA AGUAS DEL VALLE PROVIDENCIA,UTILITIES
AGUAS DEL VALLE,UTILITIES
COMPRA NACIONAL AGUAS DEL VALLE,UTILITIES
TEF A CGE LAS CONDES,UTILITIES
CGE LAS CONDES,UTILITIES
PAGO CGE LAS CONDES,UTILITIES
CHILQUINTA,UTILITIES
PAGO CHILQUINTA SPA,UTILITIES
CHILQUINTA PROVIDENCIA,UTILITIES
CHILQUINTA SPA,UTILITIES
COMPRA NACIONAL CHILQUINTA PROVIDENCIA,UTILITIES
COMPRA CLARO SPA,UTILITIES
COMPRA CLARO PROVIDENCIA,UTILITIES
COMPRA CLARO CHILE,UTILITIES
COMPRA DIRECTV SANTIAGO,UTILITIES
DIRECTV,UTILITIES
COMPRA NACIONAL DIRECTV SPA,UTILITIES
TEF A DIRECTV LAS CONDES,UTILITIES
COMPRA NACIONAL DIRECTV SANTIAGO,UTILITIES
TEF A ENEL SANTIAGO,UTILITIES
COMPRA NACIONAL ENEL LAS CONDES,UTILITIES
COMPRA NACIONAL ENEL CHILE,UTILITIES
PAGO ENTEL SPA,UTILITIES
COMPRA NACIONAL ENTEL LAS CONDES,UTILITIES
ENTEL SPA,UTILITIES
ESSBIO CHILE,UTILITIES
COMPRA NACIONAL ESSBIO,UTILITIES
PAGO ESSBIO SANTIAGO,UTILITIES
COMPRA ESSBIO PROVIDENCIA,UTILITIES
GAS PROVIDENCIA,UTILITIES
PAGO GAS CHILE,UTILITIES
COMPRA NACIONAL GAS CHILE,UTILITIES
GAS,UTILITIES
PAGO GAS SPA,UTILITIES
PAGO GASCO LAS CONDES,UTILITIES
TEF A GASCO SANTIAGO,UTILITIES
PAGO GASCO CHILE,UTILITIES
COMPRA GTD MANQUEHUE CHILE,UTILITIES
COMPRA GTD MANQUEHUE PROVIDENCIA,UTILITIES
PAGO GTD MANQUEHUE,UTILITIES
GTD MANQUEHUE SANTIAGO,UTILITIES
GTD MANQUEHUE,UTILITIES
COMPRA NACIONAL INTERNET SANTIAGO,UTILITIES
TEF A INTERNET LAS CONDES,UTILITIES
INTERNET,UTILITIES
COMPRA NACIONAL INTERNET LAS CONDES,UTILITIES
TEF A INTERNET SANTIAGO,UTILITIES
COMPRA LIPIGAS LAS CONDES,UTILITIES
COMPRA LIPIGAS CHILE,UTILITIES
COMPRA NACIONAL LIPIGAS SPA,UTILITIES
TEF A LIPIGAS SPA,UTILITIES
LIPIGAS,UTILITIES
PAGO LUZ SANTIAGO,UTILITIES
COMPRA LUZ PROVIDENCIA,UTILITIES
LUZ,UTILITIES
LUZ PROVIDENCIA,UTILITIES
COMPRA NACIONAL LUZ CHILE,UTILITIES
COMPRA METROGAS SANTIAGO,UTILITIES
COMPRA NACIONAL METROGAS CHILE,UTILITIES
COMPRA NACIONAL MOVIL LAS CONDES,UTILITIES
COMPRA MOVIL,UTILITIES
COMPRA MOVIL PROVIDENCIA,UTILITIES
MOVIL,UTILITIES
TEF A MOVIL,UTILITIES
PAGO MOVISTAR SANTIAGO,UTILITIES
COMPRA NACIONAL MOVISTAR CHILE,UTILITIES
MOVISTAR PROVIDENCIA,UTILITIES
COMPRA MOVISTAR CHILE,UTILITIES
MOVISTAR HOGAR,UTILITIES
COMPRA NACIONAL MOVISTAR HOGAR CHILE,UTILITIES
MOVISTAR HOGAR SPA,UTILITIES
PAGO MOVISTAR HOGAR CHILE,UTILITIES
TEF A MOVISTAR HOGAR,UTILITIES
COMPRA MUNDO PACIFICO PROVIDENCIA,UTILITIES
MUNDO PACIFICO SPA,UTILITIES
COMPRA MUNDO PACIFICO LAS CONDES,UTILITIES
MUNDO PACIFICO,UTILITIES
COMPRA NACIONAL MUNDO PACIFICO CHILE,UTILITIES
PAGO FACIL SANTIAGO,UTILITIES
COMPRA PAGO FACIL SPA,UTILITIES
PAGO PAGO FACIL PROVIDENCIA,UTILITIES
PAGO FACIL LAS CONDES,UTILITIES
PAGO FACIL,UTILITIES
PLAN CELULAR,UTILITIES
PAGO PLAN CELULAR SPA,UTILITIES
TEF A PLAN CELULAR SPA,UTILITIES
TEF A PLAN CELULAR SANTIAGO,UTILITIES
COMPRA NACIONAL PLAN CELULAR SANTIAGO,UTILITIES
TEF A RECARGA SANTIAGO,UTILITIES
COMPRA RECARGA SANTIAGO,UTILITIES
RECARGA CHILE,UTILITIES
PAGO RECARGA CHILE,UTILITIES
RECARGA,UTILITIES
PAGO SAESA SPA,UTILITIES
TEF A SAESA SPA,UTILITIES
SAESA,UTILITIES
TEF A SAESA PROVIDENCIA,UTILITIES
PAGO SAESA PROVIDENCIA,UTILITIES
COMPRA NACIONAL SENCILLITO,UTILITIES
PAGO SENCILLITO SPA,UTILITIES
SENCILLITO SANTIAGO,UTILITIES
COMPRA SENCILLITO SPA,UTILITIES
SENCILLITO,UTILITIES
COMPRA SERVIPAG SPA,UTILITIES
PAGO SERVIPAG SANTIAGO,UTILITIES
COMPRA NACIONAL SERVIPAG LAS CONDES,UTILITIES
COMPRA SERVIPAG SANTIAGO,UTILITIES
SERVIPAG,UTILITIES
COMPRA TELEFONICA CHILE,UTILITIES
TELEFONICA,UTILITIES
COMPRA NACIONAL TELEFONICA LAS CONDES,UTILITIES
PAGO TELEFONICA SPA,UTILITIES
COMPRA NACIONAL TELEFONICA,UTILITIES
PAGO TELEFONO SPA,UTILITIES
PAGO TELEFONO LAS CONDES,UTILITIES
TEF A TELEFONO SPA,UTILITIES
TELEFONO,UTILITIES
TELEFONO LAS CONDES,UTILITIES
COMPRA NACIONAL TELSUR PROVIDENCIA,UTILITIES
TELSUR SPA,UTILITIES
TELSUR,UTILITIES
COMPRA NACIONAL TELSUR SPA,UTILITIES
TEF A TELSUR,UTILITIES
PAGO UNIRED,UTILITIES
PAGO UNIRED PROVIDENCIA,UTILITIES
COMPRA UNIRED LAS CONDES,UTILITIES
TEF A UNIRED LAS CONDES,UTILITIES
UNIRED,UTILITIES
COMPRA VTR CHILE,UTILITIES
PAGO VTR PROVIDENCIA,UTILITIES
COMPRA NACIONAL VTR PROVIDENCIA,UTILITIES
TEF A VTR CHILE,UTILITIES
COMPRA NACIONAL WOM,UTILITIES
WOM SANTIAGO,UTILITIES
WOM SPA,UTILITIES
COMPRA NACIONAL WOM LAS CONDES,UTILITIES
SUPERMERCADO LIDER LAS CONDES,FOOD
PAGO SUPERMERCADO LIDER,FOOD
PAGO SUPERMERCADO LIDER SANTIAGO,FOOD
COMPRA SUPERMERCADO LIDER SPA,FOOD
SUPERMERCADO LIDER,FOOD
COMPRA JUMBO,FOOD
JUMBO PROVIDENCIA,FOOD
PAGO JUMBO PROVIDENCIA,FOOD
COMPRA NACIONAL JUMBO SPA,FOOD
FERIA LIBRE,FOOD
PAGO FERIA LIBRE SPA,FOOD
COMPRA FERIA LIBRE LAS CONDES,FOOD
FERIA LIBRE SPA,FOOD
FERIA LIBRE SANTIAGO,FOOD
COMPRA NACIONAL RESTAURANTE EL FOGON,FOOD
RESTAURANTE EL FOGON,FOOD
RESTAURANTE EL FOGON SPA,FOOD
TEF A RESTAURANTE EL FOGON SANTIAGO,FOOD
TEF A RESTAURANTE EL FOGON SPA,FOOD
PAGO PANADERIA SAN JOSE,FOOD
COMPRA NACIONAL PANADERIA SAN JOSE SPA,FOOD
COMPRA PANADERIA SAN JOSE LAS CONDES,FOOD
PANADERIA SAN JOSE SANTIAGO,FOOD
PANADERIA SAN JOSE,FOOD
PAGO ALMACEN DE BARRIO SANTIAGO,FOOD
PAGO ALMACEN DE BARRIO PROVIDENCIA,FOOD
COMPRA NACIONAL ALMACEN DE BARRIO,FOOD
ALMACEN DE BARRIO,FOOD
COMPRA NACIONAL ALMACEN DE BARRIO SANTIAGO,FOOD
TEF A DELIVERY RAPPI COMIDA CHILE,FOOD
COMPRA DELIVERY RAPPI COMIDA LAS CONDES,FOOD
DELIVERY RAPPI COMIDA CHILE,FOOD
COMPRA DELIVERY RAPPI COMIDA,FOOD
DELIVERY RAPPI COMIDA,FOOD
PAGO COPEC COMBUSTIBLE SPA,TRANSPORT
COMPRA COPEC COMBUSTIBLE SPA,TRANSPORT
COMPRA COPEC COMBUSTIBLE LAS CONDES,TRANSPORT
COPEC COMBUSTIBLE,TRANSPORT
TEF A COPEC COMBUSTIBLE SPA,TRANSPORT
COMPRA UBER,TRANSPORT
COMPRA NACIONAL UBER SANTIAGO,TRANSPORT
COMPRA NACIONAL UBER PROVIDENCIA,TRANSPORT
PAGO METRO TARJETA BIP SPA,TRANSPORT
COMPRA METRO TARJETA BIP SANTIAGO,TRANSPORT
METRO TARJETA BIP,TRANSPORT
COMPRA NACIONAL METRO TARJETA BIP PROVIDENCIA,TRANSPORT
METRO TARJETA BIP SANTIAGO,TRANSPORT
ESTACIONAMIENTO CENTRO,TRANSPORT
TEF A ESTACIONAMIENTO CENTRO SPA,TRANSPORT
TEF A ESTACIONAMIENTO CENTRO CHILE,TRANSPORT
TEF A ESTACIONAMIENTO CENTRO PROVIDENCIA,TRANSPORT
ESTACIONAMIENTO CENTRO SPA,TRANSPORT
COMPRA NACIONAL TALLER MECANICO PROVIDENCIA,TRANSPORT
PAGO TALLER MECANICO SANTIAGO,TRANSPORT
TALLER MECANICO,TRANSPORT
TEF A TALLER MECANICO SANTIAGO,TRANSPORT
TEF A TALLER MECANICO CHILE,TRANSPORT
PEAJE AUTOPISTA SANTIAGO,TRANSPORT
COMPRA NACIONAL PEAJE AUTOPISTA LAS CONDES,TRANSPORT
TEF A PEAJE AUTOPISTA,TRANSPORT
COMPRA NACIONAL PEAJE AUTOPISTA SPA,TRANSPORT
PEAJE AUTOPISTA,TRANSPORT
TEF A FARMACIA CRUZ VERDE,HEALTH
COMPRA FARMACIA CRUZ VERDE LAS CONDES,HEALTH
TEF A FARMACIA CRUZ VERDE LAS CONDES,HEALTH
FARMACIA CRUZ VERDE,HEALTH
PAGO FARMACIA CRUZ VERDE PROVIDENCIA,HEALTH
PAGO CLINICA SANTA MARIA CHILE,HEALTH
TEF A CLINICA SANTA MARIA,HEALTH
CLINICA SANTA MARIA PROVIDENCIA,HEALTH
COMPRA CLINICA SANTA MARIA LAS CONDES,HEALTH
CONSULTA DENTAL LAS CONDES,HEALTH
COMPRA CONSULTA DENTAL,HEALTH
TEF A CONSULTA DENTAL LAS CONDES,HEALTH
TEF A CONSULTA DENTAL PROVIDENCIA,HEALTH
CONSULTA DENTAL,HEALTH
TEF A SEGURO COMPLEMENTARIO SANTIAGO,HEALTH
COMPRA NACIONAL SEGURO COMPLEMENTARIO SPA,HEALTH
COMPRA NACIONAL SEGURO COMPLEMENTARIO,HEALTH
SEGURO COMPLEMENTARIO,HEALTH
TEF A SEGURO COMPLEMENTARIO CHILE,HEALTH
COMPRA OPTICA ROTTER CHILE,HEALTH
PAGO OPTICA ROTTER LAS CONDES,HEALTH
TEF A OPTICA ROTTER SANTIAGO,HEALTH
PAGO OPTICA ROTTER,HEALTH
OPTICA ROTTER,HEALTH
ARRIENDO DEPARTAMENTO PROVIDENCIA,HOUSING
TEF A ARRIENDO DEPARTAMENTO SPA,HOUSING
ARRIENDO DEPARTAMENTO,HOUSING
COMPRA ARRIENDO DEPARTAMENTO,HOUSING
COMPRA NACIONAL ARRIENDO DEPARTAMENTO SPA,HOUSING
TEF A GASTOS COMUNES,HOUSING
COMPRA GASTOS COMUNES,HOUSING
COMPRA NACIONAL GASTOS COMUNES,HOUSING
COMPRA NACIONAL GASTOS COMUNES CHILE,HOUSING
COMPRA FERRETERIA SODIMAC SPA,HOUSING
FERRETERIA SODIMAC,HOUSING
FERRETERIA SODIMAC SPA,HOUSING
PAGO FERRETERIA SODIMAC SPA,HOUSING
COMPRA FERRETERIA SODIMAC,HOUSING
TEF A REPARACION HOGAR CHILE,HOUSING
REPARACION HOGAR SANTIAGO,HOUSING
COMPRA NACIONAL REPARACION HOGAR PROVIDENCIA,HOUSING
PAGO REPARACION HOGAR SANTIAGO,HOUSING
REPARACION HOGAR,HOUSING
PAGO MATRICULA COLEGIO SANTIAGO,EDUCATION
PAGO MATRICULA COLEGIO CHILE,EDUCATION
PAGO MATRICULA COLEGIO SPA,EDUCATION
PAGO MATRICULA COLEGIO LAS CONDES,EDUCATION
MATRICULA COLEGIO,EDUCATION
CURSO ONLINE ALURA PROVIDENCIA,EDUCATION
COMPRA NACIONAL CURSO ONLINE ALURA CHILE,EDUCATION
TEF A CURSO ONLINE ALURA SPA,EDUCATION
CURSO ONLINE ALURA,EDUCATION
CURSO ONLINE ALURA LAS CONDES,EDUCATION
COMPRA NACIONAL LIBRERIA NACIONAL CHILE,EDUCATION
LIBRERIA NACIONAL,EDUCATION
COMPRA LIBRERIA NACIONAL PROVIDENCIA,EDUCATION
LIBRERIA NACIONAL CHILE,EDUCATION
PAGO LIBRERIA NACIONAL,EDUCATION
UNIVERSIDAD MENSUALIDAD,EDUCATION
COMPRA UNIVERSIDAD MENSUALIDAD,EDUCATION
UNIVERSIDAD MENSUALIDAD SANTIAGO,EDUCATION
COMPRA NACIONAL UNIVERSIDAD MENSUALIDAD PROVIDENCIA,EDUCATION
TEF A UNIVERSIDAD MENSUALIDAD,EDUCATION
COMPRA STREAMING NETFLIX,ENTERTAINMENT
PAGO STREAMING NETFLIX SANTIAGO,ENTERTAINMENT
TEF A STREAMING NETFLIX SPA,ENTERTAINMENT
STREAMING NETFLIX,ENTERTAINMENT
COMPRA NACIONAL STREAMING NETFLIX SANTIAGO,ENTERTAINMENT
STREAMING SPOTIFY CHILE,ENTERTAINMENT
COMPRA NACIONAL STREAMING SPOTIFY SPA,ENTERTAINMENT
STREAMING SPOTIFY,ENTERTAINMENT
PAGO STREAMING SPOTIFY PROVIDENCIA,ENTERTAINMENT
PAGO STREAMING SPOTIFY,ENTERTAINMENT
CINE HOYTS SANTIAGO,ENTERTAINMENT
CINE HOYTS,ENTERTAINMENT
TEF A CINE HOYTS SPA,ENTERTAINMENT
COMPRA CINE HOYTS CHILE,ENTERTAINMENT
CINE HOYTS LAS CONDES,ENTERTAINMENT
PAGO BAR RESTAURANTE NOCTURNO,ENTERTAINMENT
TEF A BAR RESTAURANTE NOCTURNO LAS CONDES,ENTERTAINMENT
BAR RESTAURANTE NOCTURNO,ENTERTAINMENT
BAR RESTAURANTE NOCTURNO LAS CONDES,ENTERTAINMENT
PAGO BAR RESTAURANTE NOCTURNO PROVIDENCIA,ENTERTAINMENT
TEF A VIAJE FIN DE SEMANA PROVIDENCIA,ENTERTAINMENT
VIAJE FIN DE SEMANA,ENTERTAINMENT
TEF A VIAJE FIN DE SEMANA SANTIAGO,ENTERTAINMENT
VIAJE FIN DE SEMANA PROVIDENCIA,ENTERTAINMENT
COMPRA VIAJE FIN DE SEMANA PROVIDENCIA,ENTERTAINMENT
VIDEOJUEGOS STEAM,ENTERTAINMENT
TEF A VIDEOJUEGOS STEAM SANTIAGO,ENTERTAINMENT
TEF A VIDEOJUEGOS STEAM LAS CONDES,ENTERTAINMENT
COMPRA VIDEOJUEGOS STEAM SPA,ENTERTAINMENT
COMPRA NACIONAL VIDEOJUEGOS STEAM PROVIDENCIA,ENTERTAINMENT
COMPRA CUENTA DE LUZ CHILE,UTILITIES
PAGO CUENTA DE LUZ SPA,UTILITIES
COMPRA CUENTA DE LUZ,UTILITIES
CUENTA DE LUZ,UTILITIES
COMPRA NACIONAL CUENTA DE LUZ,UTILITIES
CUENTA DE AGUA,UTILITIES
COMPRA NACIONAL CUENTA DE AGUA SPA,UTILITIES
CUENTA DE AGUA SPA,UTILITIES
PAGO CUENTA DE AGUA,UTILITIES
CUENTA DE AGUA PROVIDENCIA,UTILITIES
INTERNET Y TELEFONIA,UTILITIES
COMPRA NACIONAL INTERNET Y TELEFONIA,UTILITIES
COMPRA INTERNET Y TELEFONIA LAS CONDES,UTILITIES
COMPRA INTERNET Y TELEFONIA CHILE,UTILITIES
COMPRA INTERNET Y TELEFONIA SPA,UTILITIES
